brand,brand_family,aliases,equipment_types,era_start,era_end,pattern,year_rule,month_or_week_rule,example_serial,example_decoded,source_url,confidence,notes
Amana,"Raytheon (Amana Refrigeration), later Goodman/Daikin",,furnace;air conditioner;heat pump,1971,1995,"^(?P<yl>[BLACKHORSE])[A-Z0-9]{5,11}$","letter:B=1971,L=1972,A=1973,C=1974,K=1975,H=1976,O=1977,R=1978,S=1979,E=1980;cycle=10",none,BB80200127,1971 or 1981 or 1991,https://insider.energytrust.org/wp-content/uploads/CPF_Furnace_Age.pdf,Medium,"Decode: Character 1 = year letter from the BLACKHORSE code: B=1971/1981/1991, L=1972/1982/1992, A=1973/1983/1993, C=1974/1984/1994, K=1975/1985/1995, H=1976/1986/1996, O=1977/1987/1997, R=1978/1988/1998, S=1979/1989/1999, E=1980/1990/2000 Not encoded Pre-Goodman Amana. Decade is ambiguous (same letter every 10 years): use unit appearance. Energy Trust gives the 1971-1995 era; same code table in http://www.hipspro.com/pubs/Furnace_water_heater_age_recall_2.pdf and https://inspectapedia.com/heat/Furnace_Age.pdf. Pattern only checks that character 1 is one of the BLACKHORSE letters, so it can match serials from other eras."
Amana,Goodman (Daikin),,furnace;air conditioner;heat pump,,,^(?P<yy>\d{2})-?\d{5}$,yy,none,96-90391,1996,https://www.building-center.org/amana-hvac-age/,Medium,Decode: Characters 1-2 = last two digits of year Not encoded Legacy short Amana style (BIC Style 2). Era bounds not stated by either source (era genuinely unknown); examples are 1994 and 1996. Second source: https://inspectorhandbook.com/hvac/amana (94-12345 = 1994).
Amana,Goodman (Daikin),,furnace;air conditioner;heat pump,,present,"^(?P<yy>\d{2})(?P<mm>0[1-9]|1[0-2])\d{4,6}$",yy,mm,0109145052,Sep 2001,https://www.building-center.org/amana-hvac-age/,Medium,"Decode: Characters 1-2 = last two digits of year Characters 3-4 = month (01-12) Goodman-era Amana, same layout as Goodman. Start year not stated (Goodman bought Amana in 1997); BIC text says positions 4-5 for month but its examples (0109, 0405) only work with 3-4. Second source: https://inspectorhandbook.com/hvac/amana (2108317723 = Aug 2021; 00112345 = Nov 2000)."
Janitrol,Goodman (Daikin),,furnace;air conditioner;heat pump,1959,1985,^\d{2}(?P<yy>\d{2})[A-Z]\d{4}$,yy,none,0759F5616,1959,https://www.building-center.org/janitrol-hvac-age/,Low,"Decode: Characters 3-4 = last two digits of year Not stated era_start 1959 is the year of the source's own example, not a documented start. BIC labels this 'Before mid 1980s'; exact end year not given (1985 is an approximation of 'mid 1980s'). Year shown in red on the BIC example. Start year unknown."
Janitrol,Goodman (Daikin),Goodman,furnace;air conditioner;heat pump,1985,present,^(?P<yy>\d{2})(?P<mm>0[1-9]|1[0-2])\d{6}$,yy,mm,9704011000,Apr 1997,https://www.building-center.org/janitrol-hvac-age/,Medium,Decode: Characters 1-2 = last two digits of year Characters 3-4 = month (01-12) era_end set to present because the source's Janitrol-page example is 1997 and the layout continues as Goodman. BIC: 'mid 1980s on'; Goodman dropped the Janitrol name in 1992 (so 1997 example is a Goodman-branded unit on the same format). Start year approximated from 'mid 1980s'. Second source: https://insider.energytrust.org/wp-content/uploads/CPF_Furnace_Age.pdf (Janitrol: first two characters = year).
Goodman,Goodman (Daikin),,packaged terminal air conditioner,1990,2013,^[0-9A-Z](?P<ml>[A-HJ-M])(?P<yl>[A-HJ-NP-Z])\d{7}[PD]$,"letter:A=1990,B=1991,C=1992,D=1993,E=1994,F=1995,G=1996,H=1997,J=1998,K=1999,L=2000,M=2001,N=2002,P=2003,Q=2004,R=2005,S=2006,T=2007,U=2008,V=2009,W=2010,X=2011,Y=2012,Z=2013",letters:ABCDEFGHJKLM,5FU5472618P,Jun 2008,https://www.building-center.org/goodman-hvac-age/,Low,"Decode: Character 3 = year letter: A=1990, B=1991, C=1992, D=1993, E=1994, F=1995, G=1996, H=1997, J=1998, K=1999, L=2000, M=2001, N=2002, P=2003, Q=2004, R=2005, S=2006, T=2007, U=2008, V=2009, W=2010, X=2011, Y=2012, Z=2013 Character 2 = month letter: A=Jan, B=Feb, C=Mar, D=Apr, E=May, F=Jun, G=Jul, H=Aug, J=Sep, K=Oct, L=Nov, M=Dec (I skipped) PTAC units only, serial ends in P or D; made for Goodman by Daikin. Year and month tables read from the BIC chart image. CONFLICT: https://inspectorhandbook.com/hvac/goodman says character 2 = year and character 3 = month (3BK1234567D = Oct 1991)."
Nordyne,Nortek Global HVAC,Frigidaire;Maytag;Westinghouse;Tappan;Gibson;Kelvinator;Intertherm;Miller;Broan;Philco;Mammoth;NuTone,furnace;air conditioner;heat pump;manufactured-home furnace,1998,present,^[A-Z]{3}-?(?P<yy>\d{2})(?P<mm>0[1-9]|1[0-2])-?\d{5}$,yy,mm,GBB030708229,Jul 2003,https://www.building-center.org/nordyne-hvac-age/,Medium,"Decode: Characters 4-5 (first two digits after the three letters) = last two digits of year Characters 6-7 = month (01-12) 12 characters, may carry hyphens (GBB-030708229 or GBB-0307-08229). Start year from Energy Trust (Frigidaire: '1998 to present, fourth and fifth characters = year'); earlier Nordyne use not ruled out. Second sources: https://inspectapedia.com/heat/Furnace_Age.pdf (Maytag GSD020700023 = July 2002) and https://forum.nachi.org/t/age-of-nordyne/30824 (JSF050509819 = May 2005)."
Nordyne,Nortek Global HVAC,Miller;Frigidaire;Intertherm;Kelvinator;Maytag;Broan;Mammoth,furnace;air conditioner;heat pump;manufactured-home furnace,,,^[A-Z]\d[A-Z](?P<yy>\d{2})(?P<mm>0[1-9]|1[0-2])-?\d{5}$,yy,mm,G6R9905-05028,May 1999,https://www.building-center.org/frigidaire-hvac-age/,Medium,"Decode: Characters 4-5 = last two digits of year Characters 6-7 = month (01-12) Letter, digit, letter, then YYMM, hyphen, 5 digits. Era not stated (genuinely unknown); BIC Miller example G5R9510-01034 would be Oct 1995. Second source: http://www.hvacdecoder.com/nordyne-serial-number-decoder.html (G6R9905-05028 = May 1999)."
Nordyne,Nortek Global HVAC,Philco;Westinghouse;Tappan,air conditioner;heat pump,,,"^[A-Z0-9]{7}[A-Z](?P<ww>0[1-9]|[1-4]\d|5[0-3])(?P<yy>\d{2})\d{4,5}$",yy,ww,MN3D102F38914228,week 38 1991,https://www.building-center.org/nordyne-hvac-age/,Medium,"Decode: Characters 11-12 (third and fourth digits after the plant letter) = last two digits of year Characters 9-10 (first two digits after the plant letter) = week of year Rheem-style serial on Nordyne-branded units, likely built by Rheem for Nordyne (BIC). Era not stated (genuinely unknown). Often printed with spaces (MN3D102 F3891 4228). Second source: https://forum.nachi.org/t/age-of-nordyne/30824 (38th week 1991). BIC Philco/Tappan pages read the same kind of string differently (F3891 = 1989); treat those with caution."
Tappan,Nortek Global HVAC (formerly Tappan),Frigidaire,furnace;air conditioner;heat pump,,,^\d{5}-?(?P<yy>\d{2})(?P<ml>[A-HJ-M])$,yy,letters:ABCDEFGHJKLM,21584-97B,Feb 1997,https://www.building-center.org/frigidaire-hvac-age/,Medium,"Decode: Two digits before the final letter = last two digits of year Final character = month letter: A=Jan, B=Feb, C=Mar, D=Apr, E=May, F=Jun, G=Jul, H=Aug, J=Sep, K=Oct, L=Nov, M=Dec (I skipped) era_end left blank: Energy Trust says pre-1989 but the BIC example is 1997, so the end is unknown. Month table read from the BIC Frigidaire Style 3 chart. Energy Trust dates this style pre-1989, which conflicts with BIC's own 97 example; era bounds uncertain, start unknown. Second sources: http://www.hipspro.com/pubs/Furnace_water_heater_age_recall_2.pdf (Tappan xxxxx85C = March 1985, I not used) and https://insider.energytrust.org/wp-content/uploads/CPF_Furnace_Age.pdf."
Armstrong,Allied Air (Lennox International),AirEase;Ducane;Concord;Magic-Pak;Allied;Aire-Flo,furnace;air conditioner;heat pump,1970,1977,^(?P<dd>[0-3]\d)(?P<ml>[A-HJ-M])(?P<y>\d)7[A-Z]{2}\d{3}$,y,letters:ABCDEFGHJKLM,15A67JA098,15 Jan 1976,https://shop.rhisupply.com/media/docs/Warranty_Library_Serial_Number_Nomanclature.pdf,Medium,"Decode: Characters 4-5 = year with digits reversed (67 = 1976) Character 3 = month letter: A=Jan, B=Feb, C=Mar, D=Apr, E=May, F=Jun, G=Jul, H=Aug, J=Sep, K=Oct, L=Nov, M=Dec (I skipped); characters 1-2 = day of month Year digits are reversed, so the pattern takes the year digit from character 4 and requires 7 in character 5. Characters 6-7: factory (J = Bellevue OH, A = Columbus OH) then N/A letter; last 3 = daily sequence. RHI Supply hosts what reads as the Allied warranty-library nomenclature sheet (not attributable to the manufacturer on its face). Second source: https://www.building-center.org/airease-hvac-age/ (Style 3)."
Armstrong,Allied Air (Lennox International),AirEase;Ducane;Concord;Magic-Pak;Allied;Aire-Flo,furnace;air conditioner;heat pump,1978,1992,^[A-Z]\d{5}(?P<ml>[A-HJ-M])(?P<yl>[89A-HJ-N])[ABC]$,"letter:8=1978,9=1979,A=1980,B=1981,C=1982,D=1983,E=1984,F=1985,G=1986,H=1987,J=1988,K=1989,L=1990,M=1991,N=1992",letters:ABCDEFGHJKLM,C89274AAC,Jan 1980,https://shop.rhisupply.com/media/docs/Warranty_Library_Serial_Number_Nomanclature.pdf,Medium,"Decode: Second-to-last character = year code: 8=1978, 9=1979, A=1980, B=1981, C=1982, D=1983, E=1984, F=1985, G=1986, H=1987, J=1988, K=1989, L=1990, M=1991, N=1992 Third-to-last character = month letter: A=Jan, B=Feb, C=Mar, D=Apr, E=May, F=Jun, G=Jul, H=Aug, J=Sep, K=Oct, L=Nov, M=Dec (I skipped) Last character = factory (A = Armstrong, B = Bellevue OH, C = Columbus OH). Second sources: https://www.building-center.org/armstrong-hvac-age/ (A25175KKA) and https://inspectorhandbook.com/hvac/magicpak (its year table repeats H for 1986, a typo)."
Armstrong,Allied Air (Lennox International),AirEase;Ducane;Concord;Magic-Pak;Allied;Aire-Flo,furnace;air conditioner;heat pump,1993,present,^\d{2}(?P<yy>\d{2})(?P<ml>[A-HJ-M])\d{5}$,yy,letters:ABCDEFGHJKLM,8495A12345,Jan 1995,https://shop.rhisupply.com/media/docs/Warranty_Library_Serial_Number_Nomanclature.pdf,Medium,"Decode: Characters 3-4 = last two digits of year Character 5 = month letter: A=Jan, B=Feb, C=Mar, D=Apr, E=May, F=Jun, G=Jul, H=Aug, J=Sep, K=Oct, L=Nov, M=Dec (I skipped) Characters 1-2 = plant (16 = Orangeburg, 46 = Blackville, 56 = Lennox, 60 = coils/ADP, 84 = Armstrong/Bellevue). Lennox uses the same layout (other agent covers Lennox). Second sources: https://www.building-center.org/ducane-hvac-age/ (4601J19567 = Sept 2001) and https://inspectorhandbook.com/hvac/armstrong-air."
Ducane,Allied Air (Lennox International),Concord;Magic-Pak;AirEase,furnace;air conditioner;heat pump,,,^\d{6}(?P<yy>\d{2})(?P<ww>0[1-9]|[1-4]\d|5[0-3])$,yy,ww,0183290431,week 31 2004,https://shop.rhisupply.com/media/docs/Warranty_Library_Serial_Number_Nomanclature.pdf,Medium,"Decode: Characters 7-8 (4th and 3rd from last) = last two digits of year Characters 9-10 (last two) = week of year (01-52) Older all-numeric 10-digit Ducane/Concord style. Era bounds not stated (genuinely unknown); examples from 1999, 2003, 2004. RHI sheet gives week-to-month table (01-04 Jan ... 48-52 Dec). Second source: https://inspectapedia.com/heat/Furnace_Age.pdf (quotes a Ducane email). https://inspectorhandbook.com/hvac/ducane instead reads the last four as year+month; majority reading used."
York,York International (Johnson Controls),Coleman;Evcon;Luxaire;Fraser-Johnston;Guardian;Moncrief,furnace;air conditioner;heat pump,1971,2004,^(?:\([A-Z]\))?[A-Z](?P<ml>[A-HJ-N])(?P<yl>[A-HJ-NPR-TV-Y])[A-Z]\d{6}$,"letter:A=1971,B=1972,C=1973,D=1974,E=1975,F=1976,G=1977,H=1978,J=1979,K=1980,L=1981,M=1982,N=1983,P=1984,R=1985,S=1986,T=1987,V=1988,W=1989,X=1990,Y=1991;cycle=21",letters:ABCDEFGHKLMN,WAKM011379,Jan 1980 or Jan 2001,https://www.building-center.org/york-hvac-age/,Medium,"Decode: Character 3 = year letter: A=1971 or 1992, B=1972 or 1993, C=1973 or 1994, D=1974 or 1995, E=1975 or 1996, F=1976 or 1997, G=1977 or 1998, H=1978 or 1999, J=1979 or 2000, K=1980 or 2001, L=1981 or 2002, M=1982 or 2003, N=1983 or 2004, P=1984, R=1985, S=1986, T=1987, V=1988, W=1989, X=1990, Y=1991 (I, O, Q, U, Z not used) Character 2 = month letter: A=Jan, B=Feb, C=Mar, D=Apr, E=May, F=Jun, G=Jul, H=Aug, K=Sep, L=Oct, M=Nov, N=Dec (I and J skipped, per BIC chart) Ran to October 2004 (N covers 1983, or 2004 through September). Character 1 = plant (A Addison, B Blackville, C Canada, D Medina, E Elyria, M Madisonville, N Norman, W Wichita, X Mexico, Y York); character 4 = item type (M mfg, P purchased, etc.); some serials start with a letter in parentheses, ignore it. Letters A-N repeat after 1991, so use appearance to pick the cycle. Month table CONFLICT: https://inspectapedia.com/heat/Furnace_Age.pdf gives A-M skipping only I (J=Sep, M=Dec). Year table agrees with https://insider.energytrust.org/wp-content/uploads/CPF_Furnace_Age.pdf and https://forum.nachi.org/t/hvac-manufacture-dates/116."
Luxaire,York International (Johnson Controls),Fraser-Johnston;York,furnace;air conditioner;heat pump,1971,2004,^(?P<ml>[A-HJ-N])(?P<yl>[A-HJ-NPR-TV-Y])\d{6}$,"letter:A=1971,B=1972,C=1973,D=1974,E=1975,F=1976,G=1977,H=1978,J=1979,K=1980,L=1981,M=1982,N=1983,P=1984,R=1985,S=1986,T=1987,V=1988,W=1989,X=1990,Y=1991;cycle=21",letters:ABCDEFGHKLMN,HM409295,Aug 1982 or Aug 2003,https://www.building-center.org/luxaire-hvac-age/,Medium,"Decode: Character 2 = year letter: A=1971 or 1992, B=1972 or 1993, C=1973 or 1994, D=1974 or 1995, E=1975 or 1996, F=1976 or 1997, G=1977 or 1998, H=1978 or 1999, J=1979 or 2000, K=1980 or 2001, L=1981 or 2002, M=1982 or 2003, N=1983 or 2004, P=1984, R=1985, S=1986, T=1987, V=1988, W=1989, X=1990, Y=1991 (I, O, Q, U, Z not used) Character 1 = month letter: A=Jan, B=Feb, C=Mar, D=Apr, E=May, F=Jun, G=Jul, H=Aug, K=Sep, L=Oct, M=Nov, N=Dec (I and J skipped, per BIC chart) Two-letter prefix variant of the York letter code; tables read from the BIC Luxaire Style 5 chart. Second source: https://inspectorhandbook.com/hvac/luxaire (KW123456 = Sept 1989, era 1971-2004)."
Coleman,"Coleman / Evcon, York (Johnson Controls) from 1996",Evcon;Luxaire,furnace;air conditioner;heat pump,,1992,"^(?P<mm>0[1-9]|1[0-2])(?P<yy>[6-9]\d)\d{4,6}$",yy,mm,0188123456,Jan 1988,https://www.building-center.org/coleman-hvac-age/,Medium,"Decode: Characters 3-4 = last two digits of year Characters 1-2 = month (01-12) Used before April 1992. Start year not stated (genuinely unknown). Can be confused with the later YYMM style: if characters 1-2 are 01-12 and 3-4 are 60-92, this style is likely. Second sources: https://inspectapedia.com/heat/Furnace_Age.pdf and https://forum.nachi.org/t/hvac-manufacture-dates/116 (prior to April 1992 month then year)."
Coleman,"Coleman / Evcon, York (Johnson Controls) from 1996",Evcon;Luxaire,furnace;air conditioner;heat pump,1992,2004,"^(?P<yy>9[2-9]|0[0-4])(?P<mm>0[1-9]|1[0-2])\d{4,6}$",yy,mm,97104119,Oct 1997,https://www.building-center.org/evcon-hvac-age/,Medium,Decode: Characters 1-2 = last two digits of year Characters 3-4 = month (01-12) From April 1992; 8 or 9 all-numeric characters. End year inferred from BIC Coleman page (York-style serials from October 2004). Second sources: https://inspectapedia.com/heat/Furnace_Age.pdf (9204 = April 1992) and https://www.building-center.org/luxaire-hvac-age/.
Coleman,"York (Johnson Controls, Bosch from 2025)",Evcon;Luxaire;Guardian;Fraser-Johnston;York,furnace;air conditioner;heat pump,2004,present,^[A-Z](?P<y1>\d)(?P<ml>[A-HJ-N])(?P<y2>\d)\d{6}$,"concat:y1,y2",letters:ABCDEFGHKLMN,W0K5896070,Sep 2005,https://www.building-center.org/coleman-hvac-age/,Medium,"Decode: Characters 2 and 4 combined = last two digits of year (W0K5 = 05) Character 3 = month letter: A=Jan, B=Feb, C=Mar, D=Apr, E=May, F=Jun, G=Jul, H=Aug, K=Sep, L=Oct, M=Nov, N=Dec (I and J skipped, per BIC chart) First used October 2004. Month table taken from BIC York chart; https://inspectorhandbook.com/hvac/luxaire reads J as September on the same style, which conflicts, while https://inspectorhandbook.com/hvac/york reads M as November (agrees with BIC). Second source for layout: https://www.building-center.org/guardian-hvac-age/ and https://inspectorhandbook.com/hvac/guardian."
Ruud,Rheem (Paloma),Rheem;Weather King,furnace;air conditioner;heat pump,1955,1975,"^\d{4,6}(?P<ww>0[1-9]|[1-4]\d|5[0-3])(?P<yy>[5-7]\d)$",yy,ww,123451872,week 18 1972,https://www.building-center.org/ruud-hvac-age/,Medium,"Decode: Last two digits = last two digits of year Third and fourth from last digits = week of year All-numeric, pre mid-1970s (end year approximate). Second source: https://insider.energytrust.org/wp-content/uploads/CPF_Furnace_Age.pdf (1955 to early 1970s, 123451872 = 1972). CONFLICT: http://www.hipspro.com/pubs/Furnace_water_heater_age_recall_2.pdf says before 1974 the first two digits are year and the next digit month (732xxx = Feb 1973)."
Ruud,Rheem (Paloma),Rheem;Weather King,furnace;air conditioner;heat pump,1974,present,"^[A-Z0-9]{3,8}?[FMGWN](?P<ww>0[1-9]|[1-4]\d|5[0-3])(?P<yy>\d{2})\d{5}$",yy,ww,CB5D302F099903346,week 09 1999,https://www.building-center.org/ruud-hvac-age/,Medium,"Decode: Third and fourth digits after the plant letter = last two digits of year First two digits after the plant letter = week of year Plant letter is typically F, M, G, W or N. Start year approximate ('since' 1974 per hips, '1970s' per Energy Trust). Format continues into modern Rheem/Ruud; kept here for older units. Second source: https://insider.energytrust.org/wp-content/uploads/CPF_Furnace_Age.pdf."
Heil-Quaker,"Inter-City Products (ICP), Carrier from 1999",Heil;Arcoaire;KeepRite;Tempstar;Comfortmaker;Airquest,furnace;air conditioner;heat pump,1988,present,^[A-Z](?P<yy>\d{2})(?P<ww>0[1-9]|[1-4]\d|5[0-3])\d{5}$,yy,ww,L943321238,week 33 1994,https://inspectapedia.com/heat/Furnace_Age.pdf,Medium,"Decode: Characters 2-3 = last two digits of year Characters 4-5 = week of year Start year from earliest example (R883512345 = 1988 in https://insider.energytrust.org/wp-content/uploads/CPF_Furnace_Age.pdf); Energy Trust says 1990 on for Tempstar, 1994 on for Heil and KeepRite. Also https://www.building-center.org/keeprite-hvac-age/ (L920671787 with MFG date 2/92). BIC Arcoaire/Comfortmaker also show a same-shape variant read as year+month (E072514528 = July 2007); for units after about 2000 check which applies."
KeepRite,Inter-City Products (ICP),Tempstar,furnace;air conditioner;heat pump,,,^(?P<yy>\d{2})(?P<ww>0[1-9]|[1-4]\d|5[0-3])[A-Z]\d{5}$,yy,ww,9414B39332,week 14 1994,https://www.building-center.org/keeprite-hvac-age/,Low,Decode: Characters 1-2 = last two digits of year Characters 3-4 = week of year BIC KeepRite/Tempstar Style 3. Era not stated (genuinely unknown); example is 1994.
KeepRite,Inter-City Products (ICP),Tempstar,furnace;air conditioner;heat pump,1980,1993,"^(?P<y>\d)(?P<ww>0[1-9]|[1-4]\d|5[0-3])\d{5,6}$",y,ww,30512345,week 05 1983 or 1993,https://www.building-center.org/keeprite-hvac-age/,Medium,"Decode: Character 1 = last digit of year (3 = 1983 or 1993) Characters 2-3 = week of year Decade ambiguous. Era from https://insider.energytrust.org/wp-content/uploads/CPF_Furnace_Age.pdf (1980-1993, 305123456 = 1983 or 1993). BIC says to use a chart for character 1 that is not reproduced as text."
KeepRite,Inter-City Products (ICP),Tempstar,furnace;air conditioner;heat pump,1970,1994,"^(?:[A-Z]\d?)?(?P<yl>[A-HJ-Z])\d{4,7}$","letter:S=1970,T=1971,U=1972,V=1973,W=1974,X=1975,Y=1976,Z=1977,A=1978,B=1979,C=1980,D=1981,E=1982,F=1983,G=1984,H=1985,J=1986,K=1987,L=1988,M=1989,N=1990,O=1991,P=1992,Q=1993,R=1994",none,Z3Z12345,1977,https://insider.energytrust.org/wp-content/uploads/CPF_Furnace_Age.pdf,Medium,"Decode: Last letter of the leading letter group = year: S=1970, T=1971, U=1972, V=1973, W=1974, X=1975, Y=1976, Z=1977, A=1978, B=1979, C=1980, D=1981, E=1982, F=1983, G=1984, H=1985, J=1986, K=1987, L=1988, M=1989, N=1990, O=1991, P=1992, Q=1993, R=1994 (I not used) Not encoded Year table from Energy Trust; letter positions from https://www.building-center.org/keeprite-hvac-age/ (Z3Z xxxxx, 3rd letter) and https://www.building-center.org/tempstar-hvac-age/ (ZZ xxxxx, 2nd letter). Constructed example (BIC shows Z3Z xxxxx). Pattern is loose and overlaps other styles; use only when a KeepRite/Tempstar unit clearly predates 1995."
Heil-Quaker,Heil-Quaker (Inter-City Products),Heil,furnace;air conditioner;heat pump,1980,1989,^H(?P<y>\d)(?P<ww>0[1-9]|[1-4]\d|5[0-3])\d{5}$,y,ww,H55116328,week 51 1985,https://www.building-center.org/heil-hvac-age/,Medium,Decode: Character 1 = decade (H = 1980s); character 2 = year within decade Characters 3-4 = week of year Recall-repaired units may carry a replacement serial like HFF120465 (BIC). Second source: https://inspectapedia.com/heat/Furnace_Age.pdf (H55116328 = 1985). https://insider.energytrust.org/wp-content/uploads/CPF_Furnace_Age.pdf extends this letter-decade style to 1994.
Heil-Quaker,Heil-Quaker (Inter-City Products),Heil,furnace;air conditioner;heat pump,1962,1979,^(?P<y>\d)\d{5}$,y,none,297448,1972 (or 1962),https://www.building-center.org/heil-hvac-age/,Low,"Decode: Character 1 = last digit of year (decade ambiguous) Not encoded era_start 1962 = year Heil was established (per inspectapedia), used as the lower bound. Pre-1980 Heil style; only year within decade. Start year unknown. Pattern is very loose (any 6 digits)."
Whirlpool,Heil-Quaker (Inter-City Products),,furnace;air conditioner;heat pump,1970,1999,"^(?P<yl>[GHJ]\d)(?P<ww>0[1-9]|[1-4]\d|5[0-3])[A-Z0-9]{4,6}$","letter:G0=1970,G1=1971,G2=1972,G3=1973,G4=1974,G5=1975,G6=1976,G7=1977,G8=1978,G9=1979,H0=1980,H1=1981,H2=1982,H3=1983,H4=1984,H5=1985,H6=1986,H7=1987,H8=1988,H9=1989,J0=1990,J1=1991,J2=1992,J3=1993,J4=1994,J5=1995,J6=1996,J7=1997,J8=1998,J9=1999",ww,H41612345,week 16 1984,https://inspectapedia.com/heat/Furnace_Age.pdf,Medium,"Decode: Character 1 = decade (G = 1970s, H = 1980s, J = 1990s, K = 2000s); character 2 = year within decade Characters 3-4 = week of year Year table encodes the decade letter plus digit as one two-character code (G0=1970 ... J9=1999). Whirlpool-brand central HVAC built by Heil-Quaker (later replaced by the Tempstar name). Constructed example from the source's H416XXXXX. End year approximate. Second sources: https://inspectapedia.com/heat/Furnace_Age.pdf (H40235728 = week 2 of 1984) and https://insider.energytrust.org/wp-content/uploads/CPF_Furnace_Age.pdf. Primary source also at http://www.hipspro.com/pubs/Furnace_water_heater_age_recall_2.pdf (http only, no valid TLS certificate)."
Bard,Bard Manufacturing,,wall-mount air conditioner;wall-mount heat pump;furnace,1962,1980,"^\d{5,6}(?P<ml>[A-HJ-M])(?P<yl>[B-HJ-PR-V])$","letter:B=1962,C=1963,D=1964,E=1965,F=1966,G=1967,H=1968,J=1969,K=1970,L=1971,M=1972,N=1973,O=1974,P=1975,R=1976,S=1977,T=1978,U=1979,V=1980",letters:ABCDEFGHJKLM,28193MT,Dec 1978,https://www.building-center.org/bard-hvac-age/,Medium,"Decode: Last character = year letter: B=1962, C=1963, D=1964, E=1965, F=1966, G=1967, H=1968, J=1969, K=1970, L=1971, M=1972, N=1973, O=1974, P=1975, R=1976, S=1977, T=1978, U=1979, V=1980 (I and Q not used) Second-to-last character = month letter: A=Jan, B=Feb, C=Mar, D=Apr, E=May, F=Jun, G=Jul, H=Aug, J=Sep, K=Oct, L=Nov, M=Dec (I skipped) 1962 to March 1980; 5 or 6 digits then month and year letters. Second sources: https://forum.nachi.org/t/hvac-manufacture-dates/116, https://www.building-center.org/bard-hvac-age/ (28193MT) and https://insider.energytrust.org/wp-content/uploads/CPF_Furnace_Age.pdf. Constructed decode of the BIC example using the shared tables. Primary source also at http://www.hipspro.com/pubs/Furnace_water_heater_age_recall_2.pdf (http only, no valid TLS certificate)."
Bard,Bard Manufacturing,,wall-mount air conditioner;wall-mount heat pump;furnace,1980,1980,"^\d{3}(?P<ml>[DF])(?P<yl>A)\d{5,6}$",letter:A=1980,letters:ABCDFHJKLMNP,123DA123456,Apr 1980,https://www.building-center.org/bard-hvac-age/,Medium,"Decode: Character 5 = year letter (A = 1980) Character 4 = month (D = April, F = May) Used only in April and May 1980. Characters 1-3 = compressor part number. Second sources: https://forum.nachi.org/t/hvac-manufacture-dates/116 and https://www.building-center.org/bard-hvac-age/. Primary source also at http://www.hipspro.com/pubs/Furnace_water_heater_age_recall_2.pdf (http only, no valid TLS certificate)."
Bard,Bard Manufacturing,,wall-mount air conditioner;wall-mount heat pump;furnace,1980,present,"^[0-9A-Z]{3}(?P<ml>[A-DFHJ-NP])(?P<yy>\d{2})\d{7}(?:-?\d{1,2})?$",yy,letters:ABCDFHJKLMNP,000F950926066-1,May 1995,https://www.building-center.org/bard-hvac-age/,Medium,"Decode: Characters 5-6 = last two digits of year (80 = 1980 ... 00 = 2000) Character 4 = month letter: A=Jan, B=Feb, C=Mar, D=Apr, F=May, H=Jun, J=Jul, K=Aug, L=Sep, M=Oct, N=Nov, P=Dec (E, G, I, O not used) From June 1980. Characters 1-3 compressor part number, 7-13 unit ID, optional trailing factory code (01 = OH, 02 = GA). Second sources: https://forum.nachi.org/t/hvac-manufacture-dates/116, https://www.building-center.org/bard-hvac-age/ and https://inspectapedia.com/heat/Furnace_Age.pdf. Primary source also at http://www.hipspro.com/pubs/Furnace_water_heater_age_recall_2.pdf (http only, no valid TLS certificate)."
Trane,Trane (American Standard 1984-2007),American Standard,furnace;air conditioner;heat pump,1983,2001,"^(?P<yl>[B-HJ-NPRSW-Z])(?P<ww>0[1-9]|[1-4]\d|5[0-3])[A-Z0-9]{4,7}$","letter:W=1983,X=1984,Y=1985,S=1986,B=1987,C=1988,D=1989,E=1990,F=1991,G=1992,H=1993,J=1994,K=1995,L=1996,M=1997,N=1998,P=1999,R=2000,Z=2001",ww,B50632891,week 50 1987 (Dec 1987),https://insider.energytrust.org/wp-content/uploads/CPF_Furnace_Age.pdf,Medium,"Decode: Character 1 = year letter: W=1983, X=1984, Y=1985, S=1986, B=1987, C=1988, D=1989, E=1990, F=1991, G=1992, H=1993, J=1994, K=1995, L=1996, M=1997, N=1998, P=1999, R=2000, Z=2001 Characters 2-3 = week of year Usually 9 characters. BIC says A, I, L, O, Q not used but the other sources list L = 1996; pattern allows L. Easy to confuse with the letter+YY+month style. Second sources: https://www.building-center.org/trane-hvac-age/ (F23456789 = week 23 1991), https://forum.nachi.org/t/hvac-manufacture-dates/116 and https://www.inspekhome.com/pdf/HVACdate.pdf."
Trane,Trane (American Standard 1984-2007),American Standard,furnace;air conditioner;heat pump,1980,1982,^\d{6}(?P<yl>[OTU])$,"letter:O=1980,T=1981,U=1982",none,123456T,1981,https://insider.energytrust.org/wp-content/uploads/CPF_Furnace_Age.pdf,Medium,"Decode: Letter after six digits: O=1980, T=1981, U=1982; or letter before six digits: A=1980, B=1981, C=1982 Not encoded Energy Trust gives the trailing O/T/U form for 1980-1982; BIC says 1981-1983 and adds the leading A/B/C form depending on product. Second source: https://www.building-center.org/trane-hvac-age/ (Style 4). Constructed example from the source's 123456 T."
Trane,Trane (American Standard 1984-2007),American Standard,furnace;air conditioner;heat pump,1980,1982,^(?P<yl>[ABC])\d{6}$,"letter:A=1980,B=1981,C=1982",none,B123456,1981,https://insider.energytrust.org/wp-content/uploads/CPF_Furnace_Age.pdf,Low,"Decode: leading letter = year (A=1980, B=1981, C=1982); month not encoded. Leading-letter variant of the 1980-1982 Trane style, BIC only (Style 4); constructed example from the source's B 123456."
Trane,Trane,American Standard,furnace;air conditioner;heat pump,1971,1979,^(?P<y>\d)[A-M]-?\d{4}$,y,none,1C-1234,1971,https://insider.energytrust.org/wp-content/uploads/CPF_Furnace_Age.pdf,Medium,"Decode: Character 1 = last digit of year (1 = 1971) Character 2 = month letter (A = January, C = March per source examples; full table not given) Month letter not decoded here because sources give only A=January and C=March, not a full table; the source example 1C-xxxx is March 1971. Digit, month letter, dash, four digits. Decade ambiguous (hips says 1C could be 1971, 81, 91, 01; use appearance). Second sources: http://www.hipspro.com/pubs/Furnace_water_heater_age_recall_2.pdf and https://www.building-center.org/trane-hvac-age/ (Style 5, 2D-1234; says it also appears in some early 1980s products)."
Carrier,Carrier,Payne,furnace;air conditioner;heat pump,1970,1979,^(?P<ml>[A-HJ-M])(?P<y>\d)\d{5}$,y,letters:ABCDEFGHJKLM,A167890,Jan 1971,https://www.building-center.org/carrier-hvac-age/,Medium,"Decode: Character 2 = last digit of year (1 = 1971) Character 1 = month letter: A=Jan, B=Feb, C=Mar, D=Apr, E=May, F=Jun, G=Jul, H=Aug, J=Sep, K=Oct, L=Nov, M=Dec (I skipped) BIC says January 1969 to December 1979; hips says 1970 and later. 7 characters. Second sources: http://www.hipspro.com/pubs/Furnace_water_heater_age_recall_2.pdf (A1 = Jan 1971, C4 = March 1974) and https://www.building-center.org/payne-hvac-age/ (Payne, 1970-1979). https://insider.energytrust.org/wp-content/uploads/CPF_Furnace_Age.pdf applies it to Bryant and Day & Night too."
Carrier,Carrier (BDP),Payne;Bryant,furnace;air conditioner;heat pump,1980,1989,^(?P<ml>[MNP-TV-Z])(?P<y>\d)[A-Z0-9]\d{5}$,y,letters:MNPQRSTVWXYZ,W4D14008,Sep 1984,https://www.building-center.org/carrier-hvac-age/,Low,"Decode: US: character 2 = last digit of year (1980s); Canada: character 1 = last digit of year US: character 1 = month letter; Canada: character 2. M=Jan, N=Feb, P=Mar, Q=Apr, R=May, S=Jun, T=Jul, V=Aug, W=Sep, X=Oct, Y=Nov, Z=Dec US order only; the Canadian order (year digit first) is the next row. Month table read from the BIC Carrier Style 3 chart image. BIC text says 1980-1984 exclusively but its chart also decodes V77... as August 1987. Also on https://www.building-center.org/payne-hvac-age/ (same site, not independent)."
Carrier,Carrier (BDP),Payne;Bryant,furnace;air conditioner;heat pump,1980,1989,^(?P<y>\d)(?P<ml>[MNP-TV-Z])[A-Z0-9]\d{5}$,y,letters:MNPQRSTVWXYZ,4WD14008,Sep 1984,https://www.building-center.org/carrier-hvac-age/,Low,"Decode: Canadian units reverse the order: character 1 = last digit of year (1980s), character 2 = month letter (M=Jan, N=Feb, P=Mar, Q=Apr, R=May, S=Jun, T=Jul, V=Aug, W=Sep, X=Oct, Y=Nov, Z=Dec). Constructed example from the BIC US example W4D14008 with the order swapped. Same BIC source and chart as the US row."
Bryant,Carrier (BDP),Carrier,furnace;air conditioner;heat pump,1960,1979,"^(?P<ww>[1-9]|[1-4]\d|5[0-2])(?P<yl>[A-HJ-NPR-Y])\d{5,6}$","letter:L=1960,M=1961,N=1962,P=1963,R=1964,S=1965,T=1966,U=1967,V=1968,W=1969,X=1970,Y=1971,A=1972,B=1973,C=1974,D=1975,E=1976,F=1977,G=1978,H=1979",ww,46U152456,week 46 1967,https://www.building-center.org/carrier-hvac-age/,Medium,"Decode: First letter = year: L=1960, M=1961, N=1962, P=1963, R=1964, S=1965, T=1966, U=1967, V=1968, W=1969, X=1970, Y=1971, A=1972, B=1973, C=1974, D=1975, E=1976, F=1977, G=1978, H=1979 (O, Q, Z skipped) Leading 1 or 2 digits = week of year (1-52) Bryant and Carrier, 7-9 characters. Second source: http://www.hipspro.com/pubs/Furnace_water_heater_age_recall_2.pdf (27Rxxxxxx = week 27 of 1964; same table except it lists 1979 as D, an apparent typo for H)."
Day & Night,Carrier (BDP),,furnace;air conditioner;heat pump,1970,1979,"^(?P<ml>[A-HJ-M])(?P<yl>[A-J])\d{5,7}$","letter:A=1970,B=1971,C=1972,D=1973,E=1974,F=1975,G=1976,H=1977,I=1978,J=1979",letters:ABCDEFGHJKLM,AA123456,Jan 1970,https://insider.energytrust.org/wp-content/uploads/CPF_Furnace_Age.pdf,Medium,"Decode: Character 2 = year letter: A=1970, B=1971, and so on Character 1 = month letter (A = January; sources give AA = Jan 1970 and BE = May 1971, which implies the month and year letters were swapped in that second example) Month letters assumed to follow the common A-M table (I skipped); sources give only A=January. Prior to BDP (pre-1979). Constructed example from AAxxxxxx. Source's second example BExxxxxx = May 1971 only works if the first letter is year and second is month, so the letter order is uncertain. Second source: https://insider.energytrust.org/wp-content/uploads/CPF_Furnace_Age.pdf. Primary source also at http://www.hipspro.com/pubs/Furnace_water_heater_age_recall_2.pdf (http only, no valid TLS certificate)."
Bryant,Carrier (BDP),,furnace;air conditioner;heat pump,1980,1989,^(?P<yy>[89]\d)(?P<mm>0[1-9]|1[0-2])\d{5}$,yy,mm,850304091,Mar 1985,https://www.building-center.org/carrier-hvac-age/,Low,"Decode: Characters 1-2 = last two digits of year Characters 3-4 = month (01-12) 9-digit all-numeric Bryant/BDP style 'primarily during the 1980s'. Also on https://www.building-center.org/payne-hvac-age/ (same site, not independent)."
Duo-Therm,"Motor Wheel Corp, Dometic from 1985",,RV furnace;RV air conditioner,1961,1985,^[A-Z](?P<yy>\d{2})\d{5}$,yy,none,A7500525,1975,https://www.building-center.org/duo-therm-2/,Low,"Decode: Characters 2-3 = last two digits of year (believed) Character 1 = month letter (believed; letter table not given) era_start 1961 = year the line moved to La Grange IN (BIC history), used as a lower bound. Month letter not decoded (table not given). Source explicitly marks this 'unconfirmed'. Brand absorbed into Dometic in 1985; start year unknown. Treat as a hint only."
Williamson,Williamson-Thermoflo (Weil-McLain),,furnace,1940,,^(?P<yy>[4-9]\d)\d{5}$,yy,none,7302764,1973,https://www.building-center.org/williamson-thermoflo-hvac-age/,Low,Decode: Characters 1-2 = last two digits of year Not encoded era_start 1940 is a placeholder lower bound so pre-1976 serials decode; the source gives no era. Older all-numeric Williamson style; era not stated (genuinely unknown). Later units use a Weil-McLain CP number that needs a factory lookup (see https://insider.energytrust.org/wp-content/uploads/CPF_Furnace_Age.pdf for CP ranges).
Williamson,Williamson-Thermoflo (Weil-McLain),,furnace,,,^[A-D](?P<yy>\d{2})\d{5}$,yy,none,A8602779,1986,https://www.building-center.org/williamson-thermoflo-hvac-age/,Low,"Decode: Characters 2-3 = last two digits of year Character 1 = quarter of year (letter; mapping assumed A = first quarter, not stated by source) Leading letter = quarter of year per source; mapping not given, so it is not decoded. BIC: 'first three digits represent the quarter and year'. Era not stated (genuinely unknown). Quarter letter mapping not given; pattern limits it to A-D as an assumption."
Thermo Pride,Thermo Products (Burnham),,furnace,,,,none,none,,,https://www.building-center.org/thermo-pride-hvac-age/,Medium,"No published serial date code: the manufacturer states its serial numbers carry no date code; look it up with model and serial via Thermo Pride, or use a nameplate MFG date. Second source: https://inspectapedia.com/heat/Furnace_Age.pdf (quotes a Thermo Pride email saying the same)."
Friedrich,Friedrich Air Conditioning,Kuhl;WallMaster;Uni-Fit;Zoneaire,room air conditioner;PTAC;vertical packaged unit;ductless mini-split,2000,2017,^(?P<yl>[LA][A-HJK])(?P<ml>[A-HJ-M])[A-Z]\d{5}$,"letter:LK=2000,LA=2001,LB=2002,LC=2003,LD=2004,LE=2005,LF=2006,LG=2007,LH=2008,LJ=2009,AK=2010,AA=2011,AB=2012,AC=2013,AD=2014,AE=2015,AF=2016,AG=2017,AH=2018,AJ=2019",letters:ABCDEFGHJKLM,AKDZ03116,Apr 2010,https://info.friedrich.com/hubfs/Friedrich%20SN%20Guide.pdf,High,"Decode: char 1 = decade (L=2000s, A=2010s), char 2 = year in decade (K=0, A=1, B=2, C=3, D=4, E=5, F=6, G=7, H=8, J=9), char 3 = month (A=Jan ... H=Aug, J=Sep, K=Oct, L=Nov, M=Dec; I skipped). Friedrich guide: format used Jan 2000 to Nov 2017, 4 letters then 5 digits; example quoted in guide."
Friedrich,Friedrich Air Conditioning,Kuhl;WallMaster;Uni-Fit;Zoneaire,room air conditioner;PTAC;vertical packaged unit;ductless mini-split,2017,present,^(?P<yy>\d{2})(?P<mm>0[1-9]|1[0-2])[A-Z]\d{5}$,yy,mm,1801M01258,Jan 2018,https://info.friedrich.com/hubfs/Friedrich%20SN%20Guide.pdf,High,"Decode: chars 1-2 = year, chars 3-4 = month. Friedrich guide: used from Dec 2017, 4 digits, 1 letter, 5 digits; example quoted in guide."
Friedrich,Friedrich Air Conditioning,Kuhl;WallMaster,room air conditioner;PTAC;vertical packaged unit,1990,1999,^(?P<yl>J[A-HJK])(?P<ml>[A-HJ-M])[A-Z]\d{5}$,"letter:JK=1990,JA=1991,JB=1992,JC=1993,JD=1994,JE=1995,JF=1996,JG=1997,JH=1998,JJ=1999",letters:ABCDEFGHJKLM,JGFP01234,Jun 1997,https://www.manualslib.com/manual/53690/Friedrich-H-A09k25-G.html?page=2,High,"Decode: char 1 = decade (J=1990s; K not used; L=2000s), char 2 = year in decade (A=1 ... H=8; J=9 and K=0 per the 2000-2017 guide), char 3 = month (A=Jan ... H=Aug, J=Sep, K=Oct, L=Nov, M=Dec). Friedrich parts manual Serial Number Identification Guide hosted on manualslib. Constructed example. Start year assumed from the decade code."
Friedrich,Friedrich Air Conditioning,,room air conditioner;heat pump;air conditioner,,1999,^(?P<yy>\d{2})(?P<ml>[A-M])\d{6}$,yy,letters:ABCDEFGHJKLM,92J010915,Sep 1992,https://www.building-center.org/friedrich-hvac-age/,Medium,"Decode: chars 1-2 = year, char 3 = month letter. Year rule agrees with second source https://www.howtolookatahouse.com/Blog/Entries/2019/8/how-can-i-tell-the-age-of-a-friedrich-heat-pump-from-the-serial-number.html (first two digits = year on older Friedrich systems). The BIC month chart is an image; month mapping here assumes Friedrich's later table (J=Sep), unconfirmed, so treat month as Low. Start year unknown."
GE,GE Appliances (Haier since 2016),Hotpoint;RCA,room air conditioner;dehumidifier,1975,present,"^(?P<ml>[ADFGHLMRSTVZ])(?P<yl>[ADFGHLMRSTVZ])[0-9A-Z]{6,10}$","letter:V=1975,Z=1976,A=1977,D=1978,F=1979,G=1980,H=1981,L=1982,M=1983,R=1984,S=1985,T=1986;cycle=12",letters:ADFGHLMRSTVZ,AS123456S,Jan 1985 or Jan 1997 or Jan 2009 or Jan 2021,https://products.geappliances.com/appliance/gea-support-search-content?contentId=16195,High,"Decode: char 1 = month letter (A=Jan, D=Feb, F=Mar, G=Apr, H=May, L=Jun, M=Jul, R=Aug, S=Sep, T=Oct, V=Nov, Z=Dec); char 2 = year letter on a 12-year cycle (A=1977/1989/2001/2013/2025, D=1978/1990/2002/2014/2026, F=1979/1991/2003/2015, G=1980/1992/2004/2016, H=1981/1993/2005/2017, L=1982/1994/2006/2018, M=1983/1995/2007/2019, R=1984/1996/2008/2020, S=1985/1997/2009/2021, T=1986/1998/2010/2022, V=1975/1987/1999/2011/2023, Z=1976/1988/2000/2012/2024). GE appliance-wide date code (GE Appliances support page). Year letter repeats every 12 years; judge decade from condition or model. Constructed example."
GE Zoneline,GE Appliances (Haier since 2016),Zoneline,PTAC;vertical terminal air conditioner;heat pump,1975,present,"^(?P<ml>[ADFGHLMRSTVZ])(?P<yl>[ADFGHLMRSTVZ])[0-9A-Z]{6,10}$","letter:V=1975,Z=1976,A=1977,D=1978,F=1979,G=1980,H=1981,L=1982,M=1983,R=1984,S=1985,T=1986;cycle=12",letters:ADFGHLMRSTVZ,LA123456S,"Jun 2013 (or Jun 2001, Jun 2025)",https://www.geappliances.com/content/migrated-ge/zoneline/downloads/2021-230V-208V-Zoneline-31-9301-3.pdf,High,"Decode: char 1 = month letter (A=Jan, D=Feb, F=Mar, G=Apr, H=May, L=Jun, M=Jul, R=Aug, S=Sep, T=Oct, V=Nov, Z=Dec); char 2 = year letter on a 12-year cycle (A=1977/1989/2001/2013/2025, D=1978/1990/2002/2014/2026, F=1979/1991/2003/2015, G=1980/1992/2004/2016, H=1981/1993/2005/2017, L=1982/1994/2006/2018, M=1983/1995/2007/2019, R=1984/1996/2008/2020, S=1985/1997/2009/2021, T=1986/1998/2010/2022, V=1975/1987/1999/2011/2023, Z=1976/1988/2000/2012/2024). Example quoted in 2019 Zoneline Technical Service Guide 31-9301. BIC Zoneline example ZTN730A100AC fits (Dec 2010 or 1998). Zoneline launch year not stated; era follows the GE letter table."
GE GeoSpring,GE Appliances,GeoSpring,heat pump water heater,2009,2017,"^(?P<ml>[ADFGHLMRSTVZ])(?P<yl>[ADFGHLMRSTVZ])[0-9A-Z]{6,10}$","letter:V=1975,Z=1976,A=1977,D=1978,F=1979,G=1980,H=1981,L=1982,M=1983,R=1984,S=1985,T=1986;cycle=12",letters:ADFGHLMRSTVZ,AZ123456S,Jan 2012,https://www.manualslib.com/manual/767428/Ge-Geh50deed.html?page=6,High,"Decode: char 1 = month letter (A=Jan, D=Feb, F=Mar, G=Apr, H=May, L=Jun, M=Jul, R=Aug, S=Sep, T=Oct, V=Nov, Z=Dec); char 2 = year letter on a 12-year cycle (A=1977/1989/2001/2013/2025, D=1978/1990/2002/2014/2026, F=1979/1991/2003/2015, G=1980/1992/2004/2016, H=1981/1993/2005/2017, L=1982/1994/2006/2018, M=1983/1995/2007/2019, R=1984/1996/2008/2020, S=1985/1997/2009/2021, T=1986/1998/2010/2022, V=1975/1987/1999/2011/2023, Z=1976/1988/2000/2012/2024). Example quoted in GE GEH50DEED GeoSpring Technical Service Guide. Era is the approximate GeoSpring product life (not stated in source). Not the same as GE tank water heaters built by Rheem."
Fedders,Fedders,Emerson Quiet Kool;Quiet Kool;Airwell;Airwell-Fedders,air conditioner;heat pump,1966,1977,"^[A-Z](?P<yl>[A-HJ-M])\d{4,6}$","letter:A=1966,B=1967,C=1968,D=1969,E=1970,F=1971,G=1972,H=1973,J=1974,K=1975,L=1976,M=1977",none,AH11877,1973,https://www.howtolookatahouse.com/Blog/Entries/2018/8/how-do-i-tell-the-age-of-a-fedders-furnace-or-air-conditioner-from-the-serial-number.html,Low,"Decode: char 2 = year letter (A=1966, B=1967, C=1968, D=1969, E=1970, F=1971, G=1972, H=1973, J=1974, K=1975, L=1976, M=1977; I not used). Source says this applies to Fedders unitary (split) systems, not later window units. Example quoted in source. An InterNACHI post (https://forum.nachi.org/t/help-with-fedders-ac-age/53374) instead reads the last two letters as month (A=Sep) and year (A=1966); conflict unresolved."
Fedders,Fedders (Airwell-Fedders from 2008),Emerson Quiet Kool;Quiet Kool;Airwell;Airwell-Fedders,room air conditioner;PTAC;air conditioner,,,^(?P<yy>\d{2})(?P<ml>[A-L])-?\d{5}$,yy,letters:ABCDEFGHIJKL,02J-60002,Oct 2002,https://www.building-center.org/fedders-hvac-age/,Low,"Decode: chars 1-2 = year, char 3 = month letter (A=Jan ... I=Sep, J=Oct, K=Nov, L=Dec). Style 2 on BIC Fedders page; the same styles appear on the BIC Emerson, Quiet Kool and Airwell-Fedders pages (same site, not independent). Era not stated."
Fedders,Fedders (Airwell-Fedders from 2008),Emerson Quiet Kool;Quiet Kool;Airwell;Airwell-Fedders,room air conditioner;PTAC;air conditioner,2006,2014,"^(?P<ml>[A-L])(?P<yl>[R-Z])[0-9A-Z]{6,10}$","letter:R=2006,S=2007,T=2008,U=2009,V=2010,W=2011,X=2012,Y=2013,Z=2014",letters:ABCDEFGHIJKL,AS298488006X,Jan 2007,https://www.building-center.org/fedders-hvac-age/,Low,"Decode: char 1 = month letter (A=Jan ... I=Sep, J=Oct, K=Nov, L=Dec), char 2 = year letter (R=2006, S=2007, T=2008, U=2009, V=2010, W=2011, X=2012, Y=2013, Z=2014). Styles 3 and 4 (e.g. AS298488006X, ARM75812). Earlier year letters not given. Also on BIC Emerson and Quiet Kool pages."
Fedders,Fedders (Airwell-Fedders from 2008),Emerson Quiet Kool;Quiet Kool;Airwell;Airwell-Fedders,room air conditioner;air conditioner,,,^[A-Z]{2}(?P<ww>\d{2})(?P<yy>\d{2})\d{5}[A-Z]$,yy,ww,EW020144126H,week 02 2001,https://www.building-center.org/quiet-kool-hvac-age/,Low,"Decode: chars 3-4 = week, chars 5-6 = year. Style 1 on BIC Fedders, Emerson and Quiet Kool pages. Era not stated. Example decode is ours from the stated positions."
Airtemp,Nortek Global HVAC (Nordyne private label),,air conditioner;heat pump;furnace,2012,present,^[A-Z]{3}(?P<yy>\d{2})(?P<mm>0[1-9]|1[0-2])\d{5}$,yy,mm,VSG181150070,Nov 2018,https://www.building-center.org/airtemp-hvac-age/,Low,"Decode: first 2 digits after the 3-letter prefix = year, next 2 = month (Nordyne/Nortek format). Airtemp name revived by Nordyne in 2012. Source calls these positions 3-4 and 5-6, which fits only if the letter prefix is not counted; our reading. The 1975-1984 Airtemp two-letter month/year code exists but its chart is an image and was not transcribed."
Whirlpool,Whirlpool Corporation,Roper;Estate,room air conditioner;dehumidifier,1975,1989,"^[A-Z]{1,2}(?P<y>\d)(?P<ww>\d{2})\d{5,6}$",y,ww,C51234567,week 12 1975 or week 12 1985,https://www.electrical-forensics.com/MajorAppliances/WhirlpoolDateCodes.html,Low,"Decode: year code after the letter prefix is a digit (0-9 = 1970-1979 or 1980-1989). Char 1 = manufacturing division; products not built by Whirlpool carry an extra letter after it. After the year code: 2 digits = week, then production sequence. Room AC not explicitly listed by source; Sears prefix 106 (Whirlpool) is listed for ac at http://www.appliance411.com/parts/sears.shtml. Constructed example. Decade ambiguous."
Whirlpool,Whirlpool Corporation,Roper;Estate;Maytag,room air conditioner;dehumidifier,1990,2009,"^[A-Z]{1,2}(?P<yl>[A-HJ-MPR-UWXY])(?P<ww>\d{2})\d{5,6}$","letter:X=1990,A=1991,B=1992,C=1993,D=1994,E=1995,F=1996,G=1997,H=1998,J=1999,K=2000,L=2001,M=2002,P=2003,R=2004,S=2005,T=2006,U=2007,W=2008,Y=2009",ww,MB1402320,week 14 1992,https://www.electrical-forensics.com/MajorAppliances/WhirlpoolDateCodes.html,Low,"Decode: year letter X=1990, A=1991, B=1992, C=1993, D=1994, E=1995, F=1996, G=1997, H=1998, J=1999, K=2000, L=2001, M=2002, P=2003, R=2004, S=2005, T=2006, U=2007, W=2008, Y=2009. Char 1 = manufacturing division; products not built by Whirlpool carry an extra letter after it. After the year code: 2 digits = week, then production sequence. Example is a Kenmore (Whirlpool-built) dryer quoted in source; room AC applicability not explicitly stated."
Whirlpool,Whirlpool Corporation,Roper;Estate;Maytag,room air conditioner;dehumidifier,2010,2019,"^[A-Z]{1,2}(?P<y>\d)(?P<ww>\d{2})\d{5,6}$",y,ww,C60842986,week 08 2016,https://www.electrical-forensics.com/MajorAppliances/WhirlpoolDateCodes.html,Low,"Decode: year code is a digit (0=2010 ... 9=2019). Char 1 = manufacturing division; products not built by Whirlpool carry an extra letter after it. After the year code: 2 digits = week, then production sequence. Example is a Whirlpool washer quoted in source. Digits also mean 1970s/1980s years."
Whirlpool,Whirlpool Corporation,Roper;Estate;Maytag,room air conditioner;dehumidifier,2020,present,"^[A-Z]{1,2}(?P<yl>[XA-HJ])(?P<ww>\d{2})\d{5,6}$","letter:X=2020,A=2021,B=2022,C=2023,D=2024,E=2025,F=2026,G=2027,H=2028,J=2029",ww,MX06404786,week 06 2020,https://www.electrical-forensics.com/MajorAppliances/WhirlpoolDateCodes.html,Low,"Decode: year letter X=2020, A=2021, B=2022, C=2023, D=2024, E=2025, F=2026 (G=2027, H=2028, J=2029), repeating the 1990s cycle. Char 1 = manufacturing division; products not built by Whirlpool carry an extra letter after it. After the year code: 2 digits = week, then production sequence. Example is a Maytag dryer built by Whirlpool, quoted in source."
Kenmore,Sears (model prefix 106 = built by Whirlpool),Sears,room air conditioner,1990,2009,"^[A-Z]{1,2}(?P<yl>[A-HJ-MPR-UWXY])(?P<ww>\d{2})\d{5,6}$","letter:X=1990,A=1991,B=1992,C=1993,D=1994,E=1995,F=1996,G=1997,H=1998,J=1999,K=2000,L=2001,M=2002,P=2003,R=2004,S=2005,T=2006,U=2007,W=2008,Y=2009",ww,MB1402320,week 14 1992,https://www.electrical-forensics.com/MajorAppliances/WhirlpoolDateCodes.html,Low,"Decode: use only when the Kenmore model number starts 106. (Whirlpool): Whirlpool year letter X=1990, A=1991 ... J=1999, K=2000, L=2001, M=2002, P=2003, R=2004, S=2005, T=2006, U=2007, W=2008, Y=2009; next 2 digits = week. Prefix-to-maker from http://www.appliance411.com/parts/sears.shtml: 106 = Whirlpool, 253 = Gibson/Frigidaire, 293 = Fedders, 484 = Fedders or Whirlpool, 840 = Friedrich, 861 = Midea; decode with that maker's row. Example is a Kenmore dryer quoted by electrical-forensics."
Kenmore,Sears (model prefix 253 = built by Frigidaire/Electrolux),Sears,room air conditioner,1986,present,^[A-Z]{2}(?P<y>\d)(?P<ww>\d{2})\d{5}$,y,ww,WA54012345,"week 40 2015 (or 2005, 1995)",https://www.electrical-forensics.com/MajorAppliances/ElectroluxDateCodes.html,Low,"Decode: use only when the Kenmore model number starts 253. (Gibson/Frigidaire, ac and ref per http://www.appliance411.com/parts/sears.shtml): char 3 = last digit of year, chars 4-5 = week. Constructed example following the Electrolux layout."
Frigidaire,Electrolux,Electrolux;Gibson;Kelvinator;White-Westinghouse;Tappan;Philco,room air conditioner;dehumidifier,1986,present,^[A-Z]{2}(?P<y>\d)(?P<ww>\d{2})\d{5}$,y,ww,KG44312523,"week 43 2014 (or 2004, 1994)",https://www.building-center.org/frigidaire-appliances/,Medium,"Decode: char 1 = plant, char 2 = product, char 3 = last digit of year (decade not encoded), chars 4-5 = week. Second source: https://www.electrical-forensics.com/MajorAppliances/ElectroluxDateCodes.html (example LA81503430 = week 15 1998); it does not list room AC among its product codes. Frigidaire-branded ducted HVAC (Nortek) uses a different format. Many current tags also print the date."
Amana PTAC,Goodman Manufacturing (Daikin),Amana,PTAC;packaged terminal heat pump,,present,^(?P<yy>\d{2})(?P<mm>0[1-9]|1[0-2])\d{6}$,yy,mm,1306123456,Jun 2013,https://hvacdirect.com/hvac/pdf/AMANA-PTAC-Warranty.pdf,High,"Decode: chars 1-2 = year, chars 3-4 = month. Goodman Amana PTAC warranty PWAPTACOK (6/2017): 'first four digits of the serial number (YYMM)', 1306 = June 2013. Constructed full serial (10 digits assumed). Start year not stated."
LG,LG Electronics,Goldstar,ductless mini-split;VRF;room air conditioner;heat pump,,present,^(?P<y>\d)(?P<mm>0[1-9]|1[0-2])[A-Z0-9]{9}$,y,mm,407HAVN79423,Jul 2014 or Jul 2024,https://www.building-center.org/lg-hvac-age/,Medium,"Decode: char 1 = last digit of year (decade not encoded), chars 2-3 = month. Second source: https://www.howtolookatahouse.com/Blog/Entries/2020/4/how-can-i-tell-the-age-of-an-lg-heat-pump-or-air-conditioner-from-the-serial-number.html (705KWPZ64912 = 2007 or 2017); also https://www.electrical-forensics.com/MajorAppliances/LGDateCodes.html for LG appliances. A separate sticker may show month and year. Start year unknown."
Samsung,Samsung Electronics,,ductless mini-split;heat pump;room air conditioner,1997,2004,"^[A-Z0-9]{3}(?P<yl>[HJKNRTWX])(?P<ml>[1-9ABC])[A-Z0-9]{5,6}$","letter:H=1997,J=1998,K=1999,N=2000,R=2001,T=2002,W=2003,X=2004",letters:123456789ABC,P1BW612345,Jun 2003,https://inspectapedia.com/aircond/Samsung-Mini-Split-Manual.pdf,High,"Decode: char 4 = year (H=1997, J=1998, K=1999, N=2000, R=2001, T=2002, W=2003, X=2004), char 5 = month (1-9 = Jan-Sep, A=Oct, B=Nov, C=Dec). Samsung 'Basic Technical Information for Samsung Mini Splits' (hosted by InspectAPedia), example P1BW6XXXXX. Same document: in 2004 the serial gained 4 leading and 1 trailing character. Constructed example."
Samsung,Samsung Electronics,,ductless mini-split;heat pump;room air conditioner,2004,2018,^[A-Z0-9]{7}(?P<yl>[RTWXYALPQSZBCDFGHJK])(?P<ml>[1-9ABC])[A-Z0-9]{6}$,"letter:R=2001,T=2002,W=2003,X=2004,Y=2005,A=2006,L=2006,P=2007,Q=2008,S=2009,Z=2010,B=2011,C=2012,D=2013,F=2014,G=2015,H=2016,J=2017,K=2018",letters:123456789ABC,0B4MPABD8N50012,Aug 2013,https://www.howtolookatahouse.com/Blog/Entries/2020/4/how-can-i-tell-the-age-of-a-samsung-heat-pump-or-air-conditioner-from-the-serial-number.html,Medium,"Decode: 15-char serial, char 8 = year (R=2001, T=2002, W=2003, X=2004, Y=2005, A or L=2006, P=2007, Q=2008, S=2009, Z=2010, B=2011, C=2012, D=2013, F=2014, G=2015, H=2016, J=2017, K=2018), char 9 = month (1-9, A=Oct, B=Nov, C=Dec). Second source: https://www.electrical-forensics.com/MajorAppliances/SamsungDateCodes.html (8th/9th digit rule, years to J=2017). Letters after 2018 not published. Constructed example."
Samsung,Samsung Electronics,,ductless mini-split;heat pump;room air conditioner,2005,2018,^[A-Z0-9]{3}(?P<yl>[RTWXYALPQSZBCDFGHJK])(?P<ml>[1-9ABC])[A-Z0-9]{6}$,"letter:R=2001,T=2002,W=2003,X=2004,Y=2005,A=2006,L=2006,P=2007,Q=2008,S=2009,Z=2010,B=2011,C=2012,D=2013,F=2014,G=2015,H=2016,J=2017,K=2018",letters:123456789ABC,P1CP2473381,Feb 2007,https://www.howtolookatahouse.com/Blog/Entries/2020/4/how-can-i-tell-the-age-of-a-samsung-heat-pump-or-air-conditioner-from-the-serial-number.html,Medium,"Decode: 11-char serial, char 4 = year (same table as the 15-char row), char 5 = month (1-9, A=Oct, B=Nov, C=Dec). Example quoted by howtolookatahouse as 2007; month from the 5th-digit rule in https://www.electrical-forensics.com/MajorAppliances/SamsungDateCodes.html."
Haier,Haier Group,,room air conditioner;ductless mini-split;PTAC,2000,2022,^(?P<ml>[A-L])(?P<yl>[A-NPR-WYZ])\d{6}[A-Z0-9]?$,"letter:A=2000,B=2001,C=2002,D=2003,E=2004,F=2005,G=2006,H=2007,I=2008,J=2009,K=2010,L=2011,M=2012,N=2013,P=2014,R=2015,S=2016,T=2017,U=2018,V=2019,W=2020,Y=2021,Z=2022",letters:ABCDEFGHIJKL,AM001358B,Jan 2012,https://www.building-center.org/haier-hvac-age/,Low,"Decode: char 1 = month (A=Jan ... I=Sep, J=Oct, K=Nov, L=Dec), char 2 = year (A=2000, B=2001 ... I=2008, J=2009, K=2010, L=2011, M=2012, N=2013, P=2014, R=2015, S=2016, T=2017, U=2018, V=2019, W=2020, Y=2021, Z=2022). Style 1 (8-9 chars). Haier's own chart page (haierappliances.com/support/support-content/35198) is behind a bot check and could not be fetched; howtolookatahouse notes several Haier units do not follow the published formats."
Haier,Haier Group,,room air conditioner;ductless mini-split,2010,2024,"^[A-Z0-9]{13}(?P<yl>[0-9A-E])(?P<ml>[1-9ABC])[A-Z0-9]{3,5}$","letter:0=2010,1=2011,2=2012,3=2013,4=2014,5=2015,6=2016,7=2017,8=2018,9=2019,A=2020,B=2021,C=2022,D=2023,E=2024",letters:123456789ABC,AA5YW0E0200NK74W0009,Apr 2017,https://www.building-center.org/haier-hvac-age/,Low,"Decode: char 14 = year (0=2010 ... 9=2019, A=2020, B=2021, C=2022, D=2023, E=2024), char 15 = month (1-9, A=Oct, B=Nov, C=Dec), char 16 = day code. Style 2 (18-20 chars)."
Haier,Haier Group,,room air conditioner;ductless mini-split,,,"^[A-Z](?P<yy>\d{2})(?P<mm>0[1-9]|1[0-2])[A-Z0-9]{5,6}$",yy,mm,C1208A320E,Aug 2012,https://www.building-center.org/haier-hvac-age/,Low,"Decode: chars 2-3 = year, chars 4-5 = month. Style 3 (10-11 chars). Era not stated. Example decode is ours from stated positions."
Haier,Haier Group,,room air conditioner,,,^(?P<yy>\d{2})(?P<mm>0[1-9]|1[0-2])\d{4}$,yy,mm,07021234,Feb 2007,https://www.howtolookatahouse.com/Blog/Entries/2022/3/how-do-i-find-the-age-of-a-haier-heat-pump-or-air-conditioner-from-the-serial-number.html,Low,"Decode: 8-digit serial, chars 1-2 = year, chars 3-4 = month ('many Haier units'; source image shows a room AC dated Feb 2007). Constructed example. Era not stated."
Midea,Midea Group,,ductless mini-split;heat pump;room air conditioner,,present,^[A-Z][0-9A-Z]{10}(?P<yy>\d{2})(?P<ml>[1-9A-C])[0-9A-Z]{8}$,yy,letters:123456789ABC,C703095030711704400004,Jul 2011,https://forum.nachi.org/t/midea-heat-pump-model-serial-decoder/125949,Medium,"Decode: 22-char barcode serial starting with a letter; chars 12-13 = year, char 14 = month (1-9; A-C for Oct-Dec presumed, not confirmed). InterNACHI poster says the decoder came from a Midea representative. Second source https://www.building-center.org/midea-hvac/ (C703239530315908400008 labelled MFG DATE 2015; decodes to Sep 2015). Pioneer 22-digit serials are stated not to encode date."
Midea,Midea Group,,ductless mini-split;heat pump;air conditioner,,present,^V(?P<yy>\d{2})(?P<mm>0[1-9]|1[0-2])\d{5}$,yy,mm,V180543529,May 2018,https://www.building-center.org/midea-hvac/,Medium,"Decode: first 2 digits after V = year, next 2 = month. Second source https://www.howtolookatahouse.com/Blog/Entries/2022/2/how-do-i-find-the-age-of-a-midea-heat-pump-or-air-conditioner-from-the-serial-number.html (V193157328 = 2019), which warns a few models put the year at the 3rd-4th digits after V. Era not stated."
MrCool,MrCool,Mr Cool,ductless mini-split;heat pump,2010,2019,^[0-9A-Z]{11}(?P<y>\d)(?P<ml>[1-9A-C])(?P<dd>\d{2})[0-9A-Z]{7}$,y,letters:123456789ABC,2402135890267230130069,Jul 23 2016,https://www.building-center.org/mrcool-hvac-age/,Low,"Decode: 22-digit serial; char 12 = last digit of year (decade presumed 2010s), char 13 = month (1-9, A=Oct, B=Nov, C=Dec), chars 14-15 = day. Source marks it 'believed accurate but not confirmed'. Second example 240253122046A200150045 = Oct 20 2016."
MrCool,MrCool,Mr Cool,ductless mini-split;heat pump,,present,"^(?P<ww>\d{2})(?P<yy>\d{2})[A-Z][0-9A-Z]{4,10}$",yy,ww,1920K08283,week 19 2020,https://www.building-center.org/mrcool-hvac-age/,Low,"Decode: chars 1-2 = week, chars 3-4 = year. Style 1; same layout as the Gree row."
Gree,Gree Electric Appliances,,ductless mini-split;heat pump;room air conditioner;PTAC,,present,"^(?P<ww>\d{2})(?P<yy>\d{2})[A-Z][0-9A-Z]{4,10}$",yy,ww,0625GS12345,week 06 2025,https://inspectorhandbook.com/hvac/gree,Medium,"Decode: chars 1-2 = week, chars 3-4 = year. Second source for year at chars 3-4: https://www.howtolookatahouse.com/Blog/Entries/2021/4/how-can-i-determine-the-age-of-gree-heat-pump-from-the-serial-number.html. Example assembled from the source sample '06 25 GS 1 2 3 4 5'. Some Gree tags also print MFG date as YYYY.MM (https://www.building-center.org/gree/)."
Panasonic,Panasonic Corporation,,ductless mini-split;heat pump,,present,^(?P<yyyy>(?:19|20)\d{2})(?P<mm>0[1-9]|1[0-2])$,yyyy,mm,201011,Nov 2010,https://www.building-center.org/panasonic-hvac-age/,Medium,"Decode: this is the separate PRODUCTION YEAR field on the data plate, not the serial (Panasonic serials do not encode date): chars 1-4 = year, chars 5-6 = month. Second source https://www.howtolookatahouse.com/Blog/Entries/2020/4/how-can-i-tell-the-age-of-a-panasonic-heat-pump-or-air-conditioner-from-the-serial-number.html (also a 'DATE NO.' field with the year). BIC Sanyo page shows the same field."
Sanyo,Panasonic Corporation (acquired Sanyo 2009),,ductless mini-split;heat pump;air conditioner,,,^\d{5}(?P<y>\d)\d$,y,none,0247381,1998 or 2008 or 2018,https://www.howtolookatahouse.com/Blog/Entries/2020/4/how-can-i-tell-the-age-of-a-sanyo-heat-pump-or-air-conditioner-from-the-serial-number.html,Low,"Decode: 7-digit serial, char 6 = last digit of year (decade not encoded). Example quoted in source. Check plate for 'Mfr. Date' or 'Production Date' first; BIC Sanyo page shows the Panasonic-style PRODUCTION YEAR field."
Bosch,Bosch Thermotechnology (Bosch Home Comfort),,heat pump;air conditioner;ductless mini-split,2010,present,"^[0-9A-Z]{4}-?(?P<y>\d)\d{2}-?[0-9A-Z-]{8,20}$",y,none,3540-112-000001-T111M01973,2011 or 2021,https://www.building-center.org/bosch-hvac-age/,Medium,"Decode: char 5 (first digit of the second group, ignoring dashes) = last digit of year; chars 6-7 are part of the date code but the BIC month chart is an image and was not transcribed. BIC: date is always chars 5-7 regardless of dashes, used since 2010. Second source for the year digit: https://www.howtolookatahouse.com/Blog/Entries/2021/4/how-do-i-find-the-age-of-a-bosch-heat-pump-from-the-serial-number.html. Pre-2010 Bosch styles have no known date code. Bosch appliance FD code is a different system."
Stiebel Eltron,Stiebel Eltron,Accelera;Tempra,heat pump water heater;electric water heater;tankless water heater,,present,^\d{6}-?(?P<yl>\d{2})(?:2[6-9]|[3-6]\d|7[0-8])-?\d{7}$,"letter:51=1976,52=1977,53=1978,54=1979,55=1980,56=1981,57=1982,58=1983,59=1984,60=1985,61=1986,62=1987,63=1988,64=1989,65=1990,66=1991,67=1992,68=1993,69=1994,70=1995,71=1996,72=1997,73=1998,74=1999,75=2000,76=2001,77=2002,78=2003,79=2004,80=2005,81=2006,82=2007,83=2008,84=2009,85=2010,86=2011,87=2012,88=2013,89=2014,90=2015,91=2016,92=2017,93=2018,94=2019,95=2020,96=2021,97=2022,98=2023,99=2024,00=2025,01=2026",none,223426-9137-9000359,week 12 2016,https://www.building-center.org/tempra/,Medium,"Decode: middle group chars 1-2 plus 25, last two digits = year (91+25=116, so 2016); middle group chars 3-4 minus 25 = week (37-25=12). Year expressed as a lookup table; week offset cannot be expressed in the rule tokens, so period is none. Second source https://www.howtolookatahouse.com/Blog/Entries/2018/7/how-can-i-determine-the-age-of-a-stiebel-eltron-water-heater-from-the-serial-number.html (same rule, shown on a heat pump water heater built week 40 2014). Example is a Tempra serial quoted by BIC. Era not stated."
Fujitsu,Fujitsu General,Halcyon,ductless mini-split;heat pump;VRF,,,,none,none,,,https://www.howtolookatahouse.com/Blog/Entries/2018/6/how-can-i-tell-the-age-of-a-fujitsu-air-conditioner-from-the-serial-number.html,Medium,"No published serial date code. howtolookatahouse and https://www.building-center.org/fujitsu-hvac-age/ both say the date is not in the serial; call Fujitsu (866-952-8324) or use the warranty lookup. A retailer page (cooling.direct) claims char 1 is a year letter (V=2016 ... H=2026), but Fujitsu confirmed KRN016885 shipped Jan 2013, which contradicts that table, so it was not used."
Pioneer,Pioneer (PD-HVAC),,ductless mini-split;heat pump,,,,none,none,,,https://www.howtolookatahouse.com/Blog/Entries/2021/9/how-do-i-determine-the-age-of-a-pioneer-mini-split-heat-pump-from-the-serial-number.html,Low,No published serial date code: the 22-digit barcode serial does not encode date per source; Pioneer looks it up by email (prwd@pd-hvac.com) or phone. Look for a separate MFG DATE on the label.
Ice Air,Ice Air,Ice-Cap,PTAC;vertical terminal air conditioner,,,,none,none,,,https://www.building-center.org/ice-air-hvac-age/,Low,No published serial date code: BIC could not determine a format. Estimate from the ANSI/CSA standard revision year on the plate or ask Ice Air (877-668-5643).
Klimaire,Klimaire Products,,ductless mini-split;PTAC,,,,none,none,,,https://www.building-center.org/klimaire-hvac-age/,Low,No published serial date code: BIC could not determine a format. Estimate from the ANSI/CSA standard revision year on the plate or ask Klimaire (305-593-8358).
AAON,AAON Inc.,AAONAIRE,rooftop unit;air handler;condensing unit;heat pump;chiller,,present,^(?P<yyyy>(?:19|20)\d{2})(?P<mm>0[1-9]|1[0-2])[A-Z]{3}\d{5}$,yyyy,mm,200108AKG26241,Aug 2001,https://www.building-center.org/aaon-hvac-age/,Low,"Decode: chars 1-4 year, chars 5-6 month, then 3 factory letters and 5-digit sequence. BIC Style 1; era start not stated by source (genuinely unknown, example is 2001). Same page content at https://www.building-center.org/aaonaire-hvac-age/ (same site, not independent)."
AAON,AAON Inc.,AAONAIRE,rooftop unit;air handler;condensing unit;heat pump;chiller,1995,1999,^(?P<yy>\d{2})(?P<ml>[A-HJ-M])[A-Z]{3}\d{3}$,yy,letters:ABCDEFGHJKLM,97JKGK153,Sep 1997,https://www.building-center.org/aaon-hvac-age/,Low,"Decode: chars 1-2 year, char 3 month letter (A=Jan ... H=Aug, J=Sep, K=Oct, L=Nov, M=Dec; I skipped), then factory letters and build sequence. BIC Style 2 chart lists 95-99; era bounds approximate."
AAON,AAON Inc.,AAONAIRE,rooftop unit;air handler;condensing unit;heat pump;chiller,1985,1994,^[A-Z]{4}\d(?P<yy>\d{2})(?P<mm>0[1-9]|1[0-2])$,yy,mm,AKEC08701,Jan 1987,https://www.building-center.org/aaon-hvac-age/,Low,"Decode: 4 factory letters, 1 digit, chars 6-7 year, chars 8-9 month. BIC Style 3 chart lists 85, 86, 87 etc.; era bounds approximate (likely John Zink / early AAON era)."
McQuay,Daikin Industries (Daikin Applied),Daikin Applied;Daikin McQuay;McQuay International;AAF-McQuay,chiller,1968,1982,"^(?P<ml>[A-L])(?P<yl>[M-ZA])\d{4,6}$","letter:M=1968,N=1969,O=1970,P=1971,Q=1972,R=1973,S=1974,T=1975,U=1976,V=1977,W=1978,X=1979,Y=1980,Z=1981,A=1982",letters:ABCDEFGHIJKL,AU1234,Jan 1976,https://surplusgroup.com/wp-content/themes/SurplusGroup/media/42830/571138.pdf,High,"Decode: char 1 month letter (A=Jan ... I=Sep, J=Oct, K=Nov, L=Dec; I is used), char 2 year letter (M=1968 ... Z=1981, A=1982). Westinghouse-built centrifugal chillers (PE/PEH/TEH), beginning to 1982. Source: McQuay RPL 057113800 centrifugal chiller parts list, nomenclature page. Also carries a 6-digit shop order number."
McQuay,Daikin Industries (Daikin Applied),Daikin Applied;Daikin McQuay;McQuay International;AAF-McQuay,chiller;fan coil;air handler;water source heat pump;rooftop unit;condensing unit,1982,1994,^\d(?P<yl>[N-Z])(?P<ml>[A-HJ-M])\d{5}(?:\d{2})?$,"letter:N=1982,O=1983,P=1984,Q=1985,R=1986,S=1987,T=1988,U=1989,V=1990,W=1991,X=1992,Y=1993,Z=1994",letters:ABCDEFGHJKLM,5ZA1234500,Jan 1994,https://surplusgroup.com/wp-content/themes/SurplusGroup/media/42830/571138.pdf,High,"Decode: char 1 factory digit (1=Minneapolis, 3=Faribault, 4=Grenada, 5=Staunton, 7=Auburn, 9=Scottsboro), char 2 year letter N=1982, O=1983, P=1984 ... Z=1994, char 3 month letter A-M skipping I, then 5-digit sequence and 2-digit engineering revision. McQuay RPL 057113800 (1982-1994). Fan coil RPL 0552379 (https://assets.unilogcorp.com/267/ITEM/DOC/DAIKIN_APPLIED_107179701_Catalog.pdf) gives the same table from Q=1985. Building-center.org Style 6 (https://www.building-center.org/mcquay-hvac-age/) shows M=1982, N=1983 instead: the manufacturer table is used here."
McQuay,Daikin Industries (Daikin Applied),Daikin Applied;Daikin McQuay;McQuay International;AAF-McQuay,chiller;fan coil;air handler;water source heat pump;rooftop unit;condensing unit;PTAC,1995,1999,^\d(?P<y>[5-9])(?P<ml>[A-HJ-M])\d{5}(?:\d{2})?$,y,letters:ABCDEFGHJKLM,55A1234500,Jan 1995,https://surplusgroup.com/wp-content/themes/SurplusGroup/media/42830/571138.pdf,High,"Decode: char 1 factory digit, char 2 last digit of year (5=1995 ... 9=1999), char 3 month letter A-M skipping I, then sequence and engineering revision. Used 1995 to February 1999. Same table in fan coil RPL 0552379 (https://assets.unilogcorp.com/267/ITEM/DOC/DAIKIN_APPLIED_107179701_Catalog.pdf) and PTAC RPL 057108700 (http://www.ptacsolutions.com/assets/images/PDFs/MQEMQR007-015VINT.C.pdf)."
McQuay,Daikin Industries (Daikin Applied),Daikin Applied;Daikin McQuay;McQuay International;AAF-McQuay,chiller;fan coil;air handler;water source heat pump;rooftop unit;condensing unit,1999,present,"^[A-Z]{3}[A-Z](?P<yy>\d{2})(?P<mm>0[1-9]|1[0-2])\d{3,7}$",yy,mm,STNU9905048,May 1999,https://surplusgroup.com/wp-content/themes/SurplusGroup/media/42830/571138.pdf,High,"Decode: 3-letter plant (STN=Staunton, FBO=Faribault, SCO=Scottsboro, etc.), 1 letter unit style (U=unit), then 2-digit year, 2-digit month, build sequence. February 1999 and later (RPL 057113800). Building-center.org Style 2 example FBOU0905048200 = May 2009 fits the same layout (https://www.building-center.org/mcquay-hvac-age/)."
McQuay,Daikin Industries (Daikin Applied),Daikin Applied;Daikin McQuay;McQuay International;AAF-McQuay,chiller;fan coil;air handler;water source heat pump;rooftop unit,1975,1981,^\d(?P<yl>[E-HJ-L])(?P<ml>[A-HJ-M])\d{5}(?:\d{2})?$,"letter:E=1975,F=1976,G=1977,H=1978,J=1979,K=1980,L=1981",letters:ABCDEFGHJKLM,3HC1234501,Mar 1978,https://www.building-center.org/mcquay-hvac-age/,Low,"Decode: factory digit, year letter, month letter (A-M skipping I), sequence, revision. Year letters from building-center.org Style 6 chart (A=1971 ... H=1978, J=1979, K=1980, L=1981, skipping I). That chart disagrees with the McQuay manufacturer table from 1982 on (see 1982-1994 row), so treat pre-1982 letters with caution. Constructed example."
McQuay,Daikin Industries (Daikin Applied),Daikin Applied;Daikin McQuay;McQuay International;AAF-McQuay,ductless split,2000,present,^(?P<yl>20[4-6]\d)(?P<ww>\d{2})\d{8}$,"letter:2043=2000,2044=2001,2045=2002,2046=2003,2047=2004,2048=2005,2049=2006,2050=2007,2051=2008,2052=2009,2053=2010,2054=2011,2055=2012,2056=2013,2057=2014,2058=2015,2059=2016,2060=2017,2061=2018,2062=2019,2063=2020,2064=2021,2065=2022,2066=2023,2067=2024,2068=2025,2069=2026",ww,20444501000138,week 45 2001,https://www.building-center.org/mcquay-hvac-age/,Low,"Decode: chars 1-4 are a year code (2043=2000, 2044=2001, 2045=2002 ..., i.e. code minus 43 years), chars 5-6 week, char 7 production line (1-6), then sequence. Daikin-McQuay ductless split units. BIC Style 3 citing a McQuay coil replacement parts list; table beyond 2004 extrapolated by +1 per year."
McQuay,Daikin Industries (Daikin Applied),Daikin Applied;Daikin McQuay;McQuay International;AAF-McQuay,PTAC;water source heat pump,1977,1989,^\d{2}(?P<y>\d)(?P<ww>\d{2})\d{4}$,y,ww,049270032,week 27 1979 (or 1989),https://www.building-center.org/mcquay-hvac-age/,Low,"Decode: chars 1-2 unit type, char 3 last digit of year, chars 4-5 week, then 4-digit sequence. Incremental and heat pump units built in Auburn (models EA, EAB, K, EK, EKG, JB, WM, CC, FV). BIC Style 4, used late 1970s through 1980s; decade ambiguous."
McQuay,Daikin Industries (Daikin Applied),Daikin Applied;Daikin McQuay;McQuay International;AAF-McQuay,condensing unit,1988,present,^[RH](?P<yy>\d{2})(?P<ww>\d{2})\d{5}$,yy,ww,R881212345,week 12 1988,https://www.building-center.org/mcquay-hvac-age/,Low,"Decode: char 1 plant (R=Red Bud IL, H=Hutchins TX), chars 2-3 year, chars 4-5 week, then sequence. Condensing units 1988 and later (BIC Style 7, citing McQuay RPL 7792001). End of era not stated."
McQuay,Daikin Industries (Daikin Applied),Daikin Applied;Daikin McQuay;McQuay International;AAF-McQuay,condensing unit,1974,1988,"^\d{10,12}(?P<yl>[A-HJ-NPR])(?P<ww>\d{2})\d{4}$","letter:A=1974,B=1975,C=1976,D=1977,E=1978,F=1979,G=1980,H=1981,J=1982,K=1983,L=1984,M=1985,N=1986,P=1987,R=1988",ww,1230456789M151234,week 15 1985,https://www.building-center.org/mcquay-hvac-age/,Low,"Decode: 10-digit number, then the only letter = year (A=1974 ... H=1981, J=1982, K=1983, L=1984, M=1985, N=1986, P=1987, R=1988), next 2 digits week, then 4 digits. Condensing units before 1988 (BIC Style 8)."
Modine,Modine Manufacturing,Hot Dawg,unit heater;duct furnace;rooftop unit,1995,present,^\d{7}(?P<ww>\d{2})(?P<yy>\d{2})\d{4}$,yy,ww,010110101971000,week 1 1997,https://assets.unilogcorp.com/267/ITEM/DOC/MODINE_5H76382_Manual.pdf,High,"Decode: chars 1-2 motor supplier, 3-4 fan supplier, 5-7 series identity, 8-9 week, 10-11 year, 12-15 sequence. Modine manual 6-576.5 (Hot Dawg HD) serial designations, example 01 01 101 01 97 1000. Building-center.org Style 1b (https://www.building-center.org/modine-hvac-age/) shows the same 11 digits plus optional -1234. Era bounds approximate."
Modine,Modine Manufacturing,,unit heater;duct furnace;rooftop unit,2005,present,^\d{10}(?P<ww>\d{2})(?P<yy>\d{2})\d{4}$,yy,ww,010100170901051000,week 1 2005,https://gas-space-heater.com/pdf/modine/PTC-install-manual.pdf,High,"Decode: 18 digits: motor vendor (2), fan vendor (2), unit series (2), control supplier (2), gas valve supplier (2), week (2), year (2), sequence (4). Modine PTC separated-combustion unit heater manual 6-563.1, example 01 01 00 17 09 01 05 1000. Era start approximate."
Modine,Modine Manufacturing,,unit heater;duct furnace;rooftop unit,1976,1999,^\d{7}(?P<mm>0[1-9]|1[0-2])(?P<yy>\d{2})(?:-?\d{4})?$,yy,mm,01121010691,Jun 1991,https://www.building-center.org/modine-hvac-age/,Low,"Decode: 7 digits (motor, vendor, sequence), then 2-digit month and 2-digit year, optional -4 digits. BIC Style 1a: older units (pre-2000 +/-) carry month where newer ones carry week, so the same layout can be month or week; use unit age to choose."
Reznor,Nortek Global HVAC (formerly Thomas & Betts),,unit heater;duct furnace;make-up air;rooftop unit;infrared heater,1975,2001,^(?P<yl>A[A-Z]|BA)(?P<ml>[A-L])[A-Z0-9]+$,"letter:AA=1975,AB=1976,AC=1977,AD=1978,AE=1979,AF=1980,AG=1981,AH=1982,AI=1983,AJ=1984,AK=1985,AL=1986,AM=1987,AN=1988,AO=1989,AP=1990,AQ=1991,AR=1992,AS=1993,AT=1994,AU=1995,AV=1996,AW=1997,AX=1998,AY=1999,AZ=2000,BA=2001",letters:ABCDEFGHIJKL,AWD79Y2N35171X,Apr 1997,https://jjmorgan.com/wp-content/uploads/2021/03/Reznor-Date-Code-1949-2015.pdf,Medium,"Decode: first 3 letters = date. Letters 1-2 = year (AA=1975, AB=1976 ... AZ=2000, BA=2001, all letters used including I and O), letter 3 = month (A=Jan ... I=Sep, J=Oct, K=Nov, L=Dec). Before 1975 only 2 letters were used (AA=Jan 1949 ... ZL=Dec 1974). Second source: https://www.building-center.org/reznor-hvac-age/ (same tables). Constructed example."
Reznor,Nortek Global HVAC (formerly Thomas & Betts),,unit heater;duct furnace;make-up air;rooftop unit;infrared heater,2002,present,^(?P<yl>B[B-Z]|C[A-Z])(?P<ml>[A-L])[A-Z0-9]+$,"letter:BB=2002,BC=2003,BD=2004,BE=2005,BF=2006,BG=2007,BH=2008,BI=2009,BJ=2010,BK=2011,BL=2012,BM=2013,BN=2014,BO=2015,BP=2016,BQ=2017,BR=2018,BS=2019,BT=2020,BU=2021,BV=2022,BW=2023,BX=2024,BY=2025,BZ=2026",letters:ABCDEFGHIJKL,BBD79X7N00000,Apr 2002,https://jjmorgan.com/wp-content/uploads/2021/03/REZNOR-Date-Code-Chart-2002-2020.pdf,High,"Decode: first 3 letters = date (BBA=Jan 2002 ... BTL=Dec 2020; BU=2021 ... BZ=2026 continue the sequence), letter 3 month A-L including I. Then ignition code, gas valve code, gas type (N/L), consecutive number. Reznor Form P-UD. Building-center.org example BKL79Y2N35171X = Dec 2011 (https://www.building-center.org/reznor-hvac-age/)."
Reznor,Nortek Global HVAC (formerly Thomas & Betts),,unit heater;duct furnace;make-up air;rooftop unit;infrared heater,,present,^(?P<mm>0[1-9]|1[0-2])(?P<yy>\d{2})\d{4}[A-Z]$,yy,mm,09087238A,Sep 2008,https://www.building-center.org/reznor-hvac-age/,Low,"Decode: chars 1-2 month, chars 3-4 year, then 4 digits and a letter (9 characters). BIC Style 2; era not stated (genuinely unknown)."
Greenheck,Greenheck Group,,fan;exhaust fan;energy recovery ventilator;make-up air;damper,1985,2005,^(?P<yy>\d{2})(?P<ml>[A-L])\d{5}$,yy,letters:ABCDEFGHIJKL,98C12345,Mar 1998,https://content.greenheck.com/public/DAMProd/Original/10010/Parts_Reference_Book.pdf,High,"Decode: chars 1-2 year, char 3 month letter (A=Jan ... I=Sep, J=Oct, K=Nov, L=Dec, I is used), then 5 digits. Greenheck Parts Reference Book serial number designations: used from 1985 to October 2005. Constructed example."
Greenheck,Greenheck Group,,fan;exhaust fan;energy recovery ventilator;make-up air;damper,2005,present,^\d{8}(?P<yy>\d{2})(?P<mm>0[1-9]|1[0-2])$,yy,mm,103443330610,Oct 2006,https://content.greenheck.com/public/DAMProd/Original/10010/Parts_Reference_Book.pdf,High,"Decode: 8-digit serial, then 2-digit year, then 2-digit month. Greenheck SAP-era format from November 2005; example from the Greenheck Parts Reference Book (built October 2006)."
ClimateMaster,LSB Industries (now NIBE),ClimaCool,water source heat pump;geothermal heat pump,1998,2021,^(?P<yl>[A-HJ-NP-Z])\d(?P<ww>\d{2})\d{6}$,"letter:H=1998,A=1999,B=2000,C=2001,D=2002,E=2003,F=2004,G=2005,J=2006,K=2007,L=2008,M=2009,N=2010,P=2011,Q=2012,R=2013,S=2014,T=2015,U=2016,V=2017,W=2018,X=2019,Y=2020,Z=2021",ww,K111300076,week 11 2007,https://www.building-center.org/climatemaster-hvac-age/,Medium,"Decode: char 1 year letter (H=1998, A=1999, B=2000 ... G=2005, J=2006 ... N=2010, P=2011 ... V=2017, W=2018 ... Z=2021; I and O skipped), char 2 factory code, chars 3-4 week, then 6-digit sequence. Second source (year letters, W-Z added there): https://www.howtolookatahouse.com/Blog/Entries/2020/4/how-can-i-tell-the-age-of-a-climatemaster-heat-pump-or-air-conditioner-from-the-serial-number.html (P122247312 = 2011). BIC says the styles apply to all LSB brands; ClimaCool page shows the same content: https://www.building-center.org/climacool-hvac-age/."
ClimateMaster,LSB Industries (now NIBE),ClimaCool,water source heat pump;geothermal heat pump,1972,1998,^(?P<yy>\d{2})(?P<ml>[A-HJ-M])\d{6}$,yy,letters:ABCDEFGHJKLM,92J010915,Sep 1992,https://www.building-center.org/climatemaster-hvac-age/,Medium,"Decode: chars 1-2 year, char 3 month letter (A=Jan ... H=Aug, J=Sep, K=Oct, L=Nov, M=Dec; I skipped), then 6-digit sequence. Second source for the year digits: https://www.howtolookatahouse.com/Blog/Entries/2020/4/how-can-i-tell-the-age-of-a-climatemaster-heat-pump-or-air-conditioner-from-the-serial-number.html (94D142831 = 1994, numeric-start serials are early 1998 or before). Month letter from BIC only."
WaterFurnace,NIBE,,geothermal heat pump;water source heat pump,2012,present,^(?P<yy>\d{2})(?P<mm>0[1-9]|1[0-2])\d{5}$,yy,mm,180100228,Jan 2018,https://www.building-center.org/waterfurnace-hvac-age/,Low,"Decode: chars 1-2 year, chars 3-4 month (the BIC chart highlights 3-4; its text says 4-5), then 5-digit sequence. BIC Style 1, current since at least 2012."
WaterFurnace,NIBE,,geothermal heat pump;water source heat pump,1985,2012,"^(?P<yl>[A-HJ-Z])(?P<ml>[A-HJ-M])\d{4,6}$","letter:A=1985,B=1986,C=1987,D=1988,E=1989,F=1990,G=1991,H=1992,J=1993,K=1994,L=1995,M=1996,N=1997,O=1998,P=1999,Q=2000,R=2001,S=2002,T=2003,U=2004,V=2005,W=2006,X=2007,Y=2008,Z=2009;cycle=25",letters:ABCDEFGHJKLM,UJ1087,Sep 2004,https://www.building-center.org/waterfurnace-hvac-age/,Low,"Decode: char 1 year letter (A=1985 ... H=1992, J=1993, K=1994 ... O=1998 ... Z=2009, then A=2010, B=2011, C=2012; I skipped), char 2 month letter A-M skipping I, then sequence. BIC Style 2, used 1985 to 2012; A-C repeat so 1985-1987 and 2010-2012 are ambiguous."
WaterFurnace,NIBE,,geothermal heat pump;water source heat pump,1983,1985,^(?P<ml>[A-HJ-M])(?P<yy>\d{2})\d{5}$,yy,letters:ABCDEFGHJKLM,D8367019,Apr 1983,https://www.building-center.org/waterfurnace-hvac-age/,Low,"Decode: char 1 month letter (A-M skipping I), chars 2-3 year, then 5-digit sequence. BIC Style 3, used before 1985 (WaterFurnace founded 1983)."
FHP,Bosch Thermotechnology,Florida Heat Pump,water source heat pump;geothermal heat pump,1975,2016,^(?P<yl>[A-HJ-NPR-Z])(?P<ml>[A-HJ-M])\d{6}[A-Z]$,"letter:A=1971,B=1972,C=1973,D=1974,E=1975,F=1976,G=1977,H=1978,J=1979,K=1980,L=1981,M=1982,N=1983,P=1984,R=1985,S=1986,T=1987,U=1988,V=1989,W=1990,X=1991,Y=1992,Z=1993;cycle=23",letters:ABCDEFGHJKLM,EG013220D,Jul 1975 or Jul 1998,https://www.building-center.org/fhp-hvac-age/,Low,"Decode: char 1 year letter (A=1971/1994, B=1972/1995 ... H=1978/2001, J=1979/2002 ... N=1983/2006, P=1984/2007, R=1985/2008 ... Z=1993/2016; I, O, Q skipped), char 2 month letter A-M skipping I. BIC Style 5. Decade ambiguous. After the 2007 Bosch acquisition FHP moved to Bosch FD-code serials (see Bosch rows)."
First Co,First Co.,First Company;FirstCo,fan coil;air handler;water source heat pump;PTAC,1975,present,^(?P<yl>[A-HJ-NPR-Z])(?P<mm>0[1-9]|1[0-2])[A-Z]\d{6}$,"letter:A=1971,B=1972,C=1973,D=1974,E=1975,F=1976,G=1977,H=1978,J=1979,K=1980,L=1981,M=1982,N=1983,P=1984,R=1985,S=1986,T=1987,U=1988,V=1989,W=1990,X=1991,Y=1992,Z=1993;cycle=23",mm,S05A881350,May 1986 or May 2009,https://www.building-center.org/first-co-hvac-age/,Low,"Decode: char 1 year letter (A=1971/1994/2017, B=1972/1995/2018 ... H=1978/2001/2024, J=1979/2002/2025 ... N=1983/2006/2029, P=1984/2007/2030, R=1985/2008/2031 ... Z=1993/2016/2039; I, O, Q skipped), chars 2-3 month. BIC Style 1. Decade ambiguous: use condition and building age."
First Co,First Co.,First Company;FirstCo,fan coil;air handler;water source heat pump;PTAC,1975,present,^(?P<yl>[A-HJ-NPR-Z])(?P<mm>0[1-9]|1[0-2])[A-Z]{2}\d{12}$,"letter:A=1971,B=1972,C=1973,D=1974,E=1975,F=1976,G=1977,H=1978,J=1979,K=1980,L=1981,M=1982,N=1983,P=1984,R=1985,S=1986,T=1987,U=1988,V=1989,W=1990,X=1991,Y=1992,Z=1993;cycle=23",mm,F05FC032358927092,May 1999 or May 2022,https://www.building-center.org/first-co-hvac-age/,Low,"Decode: same letter-year and month code as Style 1 (char 1 year letter, chars 2-3 month), longer sequence. BIC Style 2. Decade ambiguous (F=1976/1999/2022)."
First Co,First Co.,First Company;FirstCo,fan coil;air handler;water source heat pump;PTAC,2000,present,^(?P<yy>\d{2})\d{2}-\d{4}$,yy,none,2408-1663,2024,https://www.building-center.org/first-co-hvac-age/,Low,"Decode: chars 1-2 year; BIC does not say what chars 3-4 mean. BIC Style 3; era start not stated, set to 2000 as a guess from the example."
Data Aire,CS Group (Data Aire Inc.),Data-Aire;DataAire,CRAC;computer room air conditioner,,1999,^(?P<yy>\d{2})-\d{4}-[A-Z]$,yy,none,98-3140-A,1998,https://www.building-center.org/data-aire-hvac-age/,Low,"Decode: chars 1-2 year, then sequence and revision letter. BIC Style 1; some tags also carry a MFG date. Era start genuinely unknown."
Data Aire,CS Group (Data Aire Inc.),Data-Aire;DataAire,CRAC;computer room air conditioner,2000,present,^(?P<yyyy>20\d{2})-\d{4}-[A-Z]$,yyyy,none,2000-3737-B,2000,https://www.building-center.org/data-aire-hvac-age/,Low,"Decode: chars 1-4 year, then sequence and revision letter. BIC Style 2."
Desert Aire,Desert Aire Corp.,Desert-Aire,dehumidifier;pool dehumidifier,,present,^(?P<ww>\d{2})(?P<yy>\d{2})[A-Z]\d{4}$,yy,ww,4099D9330,week 40 1999,https://www.building-center.org/desert-aire-hvac-age/,Low,"Decode: chars 1-2 week, chars 3-4 year, then letter and 4-digit build sequence. BIC marks this as not adequately confirmed. Era genuinely unknown."
Dunham-Bush,Dunham-Bush Holding,Dunham Bush,chiller;fan coil;air handler;condensing unit,,present,^\d{5}-\d{2}(?P<ml>[A-HJ-M])(?P<yy>\d{2})[A-Z]$,yy,letters:ABCDEFGHJKLM,50347-01A85F,Jan 1985,https://www.building-center.org/dunham-bush-hvac-age/,Low,"Decode: after the dash, 2 digits, then month letter (A-M skipping I), then 2-digit year, then a letter (serial characters 8, 9-10). BIC Style 1. Era genuinely unknown."
Evapco,EVAPCO Inc.,Evapcold,cooling tower;evaporative condenser;closed circuit cooler,,present,^(?P<yy>\d{2})-\d{6}$,yy,none,10-399266,2010,https://www.building-center.org/evapco-hvac-age/,Low,"Decode: chars 1-2 year, then 6-digit number. BIC Style 1, transcribed from a 2010 Evapco drawing. Single-digit-year serials (e.g. 4-106597) are reported by resellers but not confirmed by a source I fetched. Era genuinely unknown."
Liebert,Vertiv (formerly Emerson Network Power),Vertiv,CRAC;computer room air conditioner;condenser;drycooler,,present,"^(?P<yy>\d{2})(?P<ww>\d{2})[A-Z]\d{5,6}$",yy,ww,0107C44893,week 7 2001,https://www.building-center.org/liebert-hvac-age/,Low,"Decode: chars 1-2 year, chars 3-4 week, then letter and sequence. BIC Style 1 (examples 0641N137175, and 0107C44893 on a plate dated B-2001, consistent). Era genuinely unknown."
Liebert,Vertiv (formerly Emerson Network Power),Vertiv,CRAC;computer room air conditioner;condenser;drycooler,,present,^(?P<ml>[A-HJ-M])-(?:19|20)?(?P<yy>\d{2})$,yy,letters:ABCDEFGHJKLM,J-97,Sep 1997,https://www.building-center.org/liebert-hvac-age/,Low,"Decode: this is the separate Date Code field on the plate, not the serial (e.g. serial 349082-001 with Date Code J-97): letter = month (A-M skipping I), digits = year (2 or 4 digits). BIC Style 2."
MagicAire,United Electric Company L.P.,Magic Aire;Magic-Aire,fan coil;air handler;water source heat pump,1999,present,^[A-Z](?P<yy>\d{2})(?P<mm>0[1-9]|1[0-2])\d{5}$,yy,mm,W070698322,Jun 2007,https://www.building-center.org/magicaire-hvac-age/,Low,"Decode: char 1 plant letter (added 1999), chars 2-3 year, chars 4-5 month, then build sequence. BIC Style 1."
MagicAire,United Electric Company L.P.,Magic Aire;Magic-Aire,fan coil;air handler;water source heat pump,1980,1999,^(?P<yy>\d{2})(?P<mm>0[1-9]|1[0-2])[0-9A-Z]{5}$,yy,mm,950630A51,Jun 1995,https://www.building-center.org/magicaire-hvac-age/,Low,"Decode: chars 1-2 year, chars 3-4 month, then build sequence. BIC Style 2, 1980s until 1999."
MagicAire,United Electric Company L.P.,Magic Aire;Magic-Aire,fan coil;air handler;water source heat pump,1970,1979,^(?P<yy>\d{2})-\d{4}$,yy,none,74-1234,1974,https://www.building-center.org/magicaire-hvac-age/,Low,"Decode: chars 1-2 year, then build sequence. BIC Style 3, 1970s and earlier."
Marley,SPX Cooling Technologies,SPX Cooling;SPX;Marley Cooling Tower,cooling tower,,present,"^\d{7,8}-[A-Z]\d-[A-Z0-9]+-(?P<yy>\d{2})$",yy,none,10067198-A1-NC8405BG-13,2013,https://www.building-center.org/marley-hvac-age/,Low,Decode: last two digits after the final dash = year of manufacture or reconstruction. BIC Style 2 (NC tower plate). Older AquaTower style (e.g. AQ-10041433-A1 496M) is not decodable per BIC. Era genuinely unknown.
Unico,Unico Inc.,The Unico System,air handler;small duct high velocity,1985,present,^(?P<yy>\d{2})(?P<mm>0[1-9]|1[0-2])[A-Z]\d{6}$,yy,mm,0603A184624,Mar 2006,https://www.building-center.org/the-unico-system-hvac-age/,Low,"Decode: chars 1-2 year, chars 3-4 month (BIC image highlights 3-4; its text says 4-5), then letter and 6-digit sequence. BIC Style 1, from a real cooling module plate."
Addison,Madison Industries (formerly Addison Products / Heat Controller / Fedders),Addison Products;APCO,air handler;DOAS;water source heat pump;rooftop unit,1990,present,^\d{2}(?P<yy>\d{2})\d{8}$,yy,none,009920304091,1999,https://www.building-center.org/addison-hvac-age/,Low,"Decode: chars 3-4 year, then 8-digit sequence. BIC Style 1. Era bounds approximate."
Addison,Madison Industries (formerly Addison Products / Heat Controller / Fedders),Addison Products;APCO,air handler;DOAS;water source heat pump;rooftop unit,,present,^(?P<yy>\d{2})\d{2}-\d{3}-\d{3}-\d{4}$,yy,none,0710-043-115-0006,2007,https://www.building-center.org/addison-hvac-age/,Low,"Decode: chars 1-2 year. BIC Style 2, a Roberts-Gordon style number. Era genuinely unknown."
Addison,Madison Industries (formerly Addison Products / Heat Controller / Fedders),Addison Products;APCO,air handler;DOAS;water source heat pump;rooftop unit,1975,1990,^\d(?P<yy>\d{2})(?P<mm>0[1-9]|1[0-2])\d{6}$,yy,mm,28607168189,Jul 1986,https://www.building-center.org/addison-hvac-age/,Low,"Decode: char 1 plant digit, chars 2-3 year, chars 4-5 month, then 6-digit sequence. BIC Style 3, pre-1990."
Addison,Madison Industries (formerly Addison Products / Heat Controller / Fedders),Addison Products;APCO,air handler;DOAS;water source heat pump;rooftop unit,1975,1995,^(?P<yy>\d{2})(?P<ml>[A-HJ-M])-?[A-Z0-9]\d{5}$,yy,letters:ABCDEFGHJKLM,92A-C70097,Jan 1992,https://www.building-center.org/heat-controller-hvac-age/,Low,"Decode: chars 1-2 year, char 3 month letter (A-M skipping I), then sequence. Addison Products (APCO) style, also on Comfort-Aire units Addison built for Heat Controller; BIC marks it as presumed. APCO-only plates predate December 1995 (https://www.building-center.org/addison-hvac-age/)."
AquaSnap,Carrier,Carrier AquaSnap,chiller,1980,present,^(?P<ww>\d{2})(?P<yy>\d{2})[A-Z]\d{5}$,yy,ww,4311Q76606,week 43 2011,https://www.building-center.org/aquasnap-hvac-age/,Low,"Decode: chars 1-2 week, chars 3-4 year, then letter (plant) and 5-digit sequence. Same as the Carrier 1980+ format (https://www.building-center.org/carrier-hvac-age/); AquaSnap chillers do not use a separate chiller format."
Aquazone,Carrier,Carrier Aquazone,water source heat pump,1980,present,^(?P<ww>\d{2})(?P<yy>\d{2})[A-Z]\d{5}$,yy,ww,4006A17330,week 40 2006,https://www.building-center.org/aquazone-hvac-age/,Low,"Decode: chars 1-2 week, chars 3-4 year, then letter and 5-digit sequence (Carrier 1980+ format)."
Trane,Trane Technologies (formerly American Standard / Ingersoll Rand),,unit heater;rooftop unit;air handler,1975,1999,^[A-Z](?P<yy>\d{2})(?P<ml>[A-HJ-M])\d{5}$,yy,letters:ABCDEFGHJKLM,A92M07217,Dec 1992,https://www.building-center.org/trane-hvac-age/,Low,"Decode: char 1 factory code (A and C seen), chars 2-3 year, char 4 month letter (A-M skipping I), then 5-digit sequence. BIC Style 3 (from a Trane gas unit heater plate): 1970s and reappearing on various products; 9 characters like the 1983-2001 style but with a letter in position 4. Era bounds approximate."
Trane,Trane Technologies (formerly American Standard / Ingersoll Rand),,furnace;rooftop unit;air handler,1980,1982,^[A-Z]\d{6}(?P<yl>[ABCLMNOTU])(?P<ww>\d{2})$,"letter:A=1980,L=1980,O=1980,B=1981,M=1981,T=1981,C=1982,N=1982,U=1982",ww,H011870M03,week 3 1981,https://www.building-center.org/trane-hvac-age/,Medium,"Decode: third-to-last character = year letter (A, L or O=1980; B, M or T=1981; C, N or U=1982), last 2 digits = week. BIC Style 6. Second source: https://inspectorhandbook.com/hvac/trane (final three characters are year and week, N=1982)."
Trane,Trane Technologies (formerly American Standard / Ingersoll Rand),,rooftop unit;air handler;chiller,1980,1982,^(?P<yl>[ABCOTU])\d{6}$,"letter:A=1980,O=1980,B=1981,T=1981,C=1982,U=1982",none,B123456,1981,https://www.building-center.org/trane-hvac-age/,Medium,"Decode: leading letter = year (A or O=1980, B or T=1981, C or U=1982), then 6-digit sequence. BIC Style 4 (the trailing-letter variant is in the residential Trane rows). Second source: https://inspectorhandbook.com/hvac/trane (serial starting with O = 1980)."
Trane,Trane Technologies (formerly American Standard / Ingersoll Rand),,rooftop unit;air handler;unit heater,1970,1999,^(?P<ml>[A-HJ-M])(?P<yy>\d{2})-\d{5}$,yy,letters:ABCDEFGHJKLM,F91-90391,Jun 1991,https://www.building-center.org/trane-hvac-age/,Low,"Decode: char 1 month letter (A-M skipping I), chars 2-3 year, hyphen, 5-digit sequence (8 characters excluding hyphen). BIC Style 7, 1970s into the 1990s, citing CPSC release 04-229."
Multistack,Multistack LLC,Airstack,chiller;modular chiller,1991,2009,^(?P<yl>[IJ][A-I])-?(?P<mm>0[1-9]|1[0-2])-?\d{2}$,"letter:IA=1991,IB=1992,IC=1993,ID=1994,IE=1995,IF=1996,IG=1997,IH=1998,II=1999,JA=2001,JB=2002,JC=2003,JD=2004,JE=2005,JF=2006,JG=2007,JH=2008,JI=2009",mm,JC-06-25,Jun 2003,https://loel.ucolick.org/manual/APF/documents/MultiStack_O&M_MS.pdf,High,"Decode: letter 1 = decade (I=1990s, J=2000s), letter 2 = year in decade (A=1, B=2, C=3 ...), then month and module number built that month. Multistack MS O&M section 1.3 (JC-06-25 = June 2003, 25th module). ASPX O&M (https://texasusedchillers.com/wp-content/uploads/2019/07/Multistack-ASP-X-OM.pdf) adds A=2010s and J=10, so the year-0 and 2010s codes are ambiguous and left out of the table."
Munters,Munters AB,,desiccant dehumidifier,2000,present,^(?P<yy>\d{2})(?P<ww>\d{2})\d{11}$,yy,ww,091017012312345,week 10 2009,https://www.munters.com/globalassets/inriver/manual/manual_mcde_en2.pdf,High,"Decode: Fabr. No. chars 1-2 year, chars 3-4 week, then 6-digit article number and 5-digit serial. Munters MCD desiccant dehumidifier manual (example 0910 170XXX XXXXX, Fabr. year 2009). Plate also prints Fabr. year. Only confirmed for Munters Europe MCD units; era start approximate. Constructed example."
Sanyo,Panasonic,Panasonic,ductless split;VRF;air conditioner,2000,present,^(?P<yyyy>20\d{2})(?P<mm>0[1-9]|1[0-2])$,yyyy,mm,201011,Nov 2010,https://www.building-center.org/sanyo-hvac-age/,Low,"Decode: this is the separate Production Year field printed next to the serial (e.g. serial 0789107063 R): chars 1-4 year, chars 5-6 month. BIC Style 1. The serial itself is not decoded."
CaptiveAire,CaptiveAire Systems,Captive-Aire;Captive Aire,kitchen hood;exhaust fan;make-up air,1976,2010,^(?P<mm>0[1-9]|1[0-2])/(?P<dd>\d{2})/(?P<yyyy>(?:19|20)\d{2})$,yyyy,mm,08/15/2008,Aug 2008,https://www.building-center.org/captive-aire-hvac-age/,Low,Decode: build date printed on the data tag as MM/DD/YYYY next to the model and job numbers; the serial/job number is not date coded. BIC Style 1. Era set to pre-2010 as scoped.
Tecumseh,Tecumseh Products,,condensing unit,,present,^[A-Z]\d{2}(?P<yy>\d{2})$,yy,none,B0613,2013,https://www.building-center.org/tecumseh-hvac-age/,Low,"Decode: separate Unit Date field on the plate (e.g. serial 16B0613233714 with Unit Date B0613): last 2 digits = year. BIC assumes, but has not confirmed, that the letter is the month. Era genuinely unknown."
Applied Air,Mestek,Alton;Aztec;HECD;LECS,make-up air;air handler;unit heater,,,,none,none,,,https://www.building-center.org/applied-air-hvac-age/,Low,"No published serial date code: building-center.org lists the format as unknown; estimate from the ANSI or CSA standard revision year on the plate, or ask Mestek with the serial."
Sterling,Mestek,Sterling HVAC,unit heater;hydronic heater,,,,none,none,,,https://www.building-center.org/sterling-hvac-age/,Low,"No published serial date code: building-center.org lists the format as unknown; estimate from the ANSI or CSA standard revision year on the plate, or ask Mestek with the serial. A Q9171383 style is listed as unconfirmed."
Sterling Industrial,Mestek (Applied Air),,unit heater;make-up air,,,,none,none,,,https://www.building-center.org/sterling-industrial-hvac-age/,Low,"No published serial date code: building-center.org lists the format as unknown; estimate from the ANSI or CSA standard revision year on the plate, or ask Mestek with the serial."
Hydrotherm,Mestek,HydroTherm,boiler,,,,none,none,,,https://www.building-center.org/hydrotherm-hvac-age/,Low,"No published serial date code: building-center.org lists the format as unknown; estimate from the ANSI or CSA standard revision year on the plate, or ask Mestek with the serial."
RBI,Mestek,R.B.I.,boiler;water heater,,,,none,none,,,https://www.building-center.org/rbi-hvac-age/,Low,"No published serial date code: building-center.org lists the format as unknown; estimate from the ANSI or CSA standard revision year on the plate, or ask Mestek with the serial."
SpacePak,Mestek,Space-Pak,air handler;small duct high velocity;chiller,,,,none,none,,,https://www.building-center.org/spacepak-hvac-age/,Low,"No published serial date code: building-center.org lists the format as unknown; estimate from the ANSI or CSA standard revision year on the plate, or ask Mestek with the serial. A 2023 SpacePak service bulletin cites serials starting D23, E23, G23, H23 but does not define the code."
Dadanco,Mestek (Applied Air),,chilled beam;induction unit,,,,none,none,,,https://www.building-center.org/dadanco-hvac-age/,Low,"No published serial date code: building-center.org lists the format as unknown; estimate from the ANSI or CSA standard revision year on the plate, or ask Mestek with the serial."
Berner,Berner International,Berner International,air curtain,,,,none,none,,,https://www.building-center.org/berner-hvac-age/,Low,No published serial date code: building-center.org lists the format as unknown.
Compu-Aire,Compu-Aire Inc.,Compuaire,CRAC;computer room air conditioner,,,,none,none,,,https://www.building-center.org/compu-aire-hvac-age/,Low,"No serial date code: Date of Manufacture is printed on the rating tag as Month, YYYY; otherwise ask the maker."
Semco,Semco Inc.,,energy recovery;DOAS;air handler,,,,none,none,,,https://www.building-center.org/semco-hvac-age/,Low,No confirmed date code: BIC suspects the 2 digits after M are the year and the next 2 the week (e.g. 35958M02203301) but has not confirmed it.
Loren Cook,Loren Cook Company,Cook,fan;exhaust fan,,,,none,none,,,https://lorencook.com/serial-number-lookup/,Low,No published serial date code: Loren Cook offers an online serial lookup for products shipped 2007 to present (serial like 006SE23162000005701); earlier fans need the distributor.
EDPAC,EDPAC International,,CRAC;computer room air conditioner,,,,none,none,,,https://www.building-center.org/edpac-hvac-age/,Low,No published serial date code: building-center.org lists the format as unknown.
Weil-McLain,SPX / Weil-McLain,,boiler,1988,present,,none,none,,,https://www.weil-mclain.com/wp-content/uploads/CP-Date-Ranges-2026.pdf,High,"No serial date code: Weil-McLain CP numbers are sequential and dated by a year-range lookup, which this rule grammar cannot express. Decode: Look up the 7-digit CP number in the year range table: 1988=1414001-1681500; 1989=1681501-1871500; 1990=1871501-2050000; 1991=2056001-2217399; 1992=2217400-2399999; 1993=2400000-2609500; 1994=2609501-2815000; 1995=2815001-3003000; 1996=3003001-3213000; 1997=3213001-3441400; 1998=3441401-3621000; 1999=3621001-3810000; 2000=3810001-4055000; 2001=4055001-4311000; 2002=4311001-4586999; 2003=4587000-4807000; 2004=4807001-5047000; 2005=5047001-5301000; 2006=5301001-5454497; 2007=5454498-5731063; 2008=5731064-5957346; 2009=5957347-6150483; 2010=6150484-6368018; 2011=6368019-6555277; 2012=6555278-6779489; 2013=6779490-6998292; 2014=6998293-7209932; 2015=7209933-7429423; 2016=7429424-7493025; 2017=7493026-7629669; 2018=7629670-7729057; 2019=7729058-7782025; 2020=7782026-7886915; 2021=7886196-7961367; 2022=7961368-7991517; 2023=7991518-8120013; 2024=8120014-8199005; 2025=8199006-8278015; 2026=8278016 and up / Not encoded (sequential CP number gives year only). Example: CP 3150225 falls in the 1996 range. Manufacturer CP Date Ranges chart (2026 edition). Constructed example. AquaBalance CP numbers are not sequential so the chart may not work for that model. 6-digit CP numbers are generally early 1980s or older: add a leading zero for the online tool (https://www.weil-mclain.com/cp-lookup/). No public chart before 1988; call Weil-McLain. Table has a small gap 2050001-2056000 and a typo overlap at 2021 start, copied as published."
Peerless,PB Heat LLC,Pinnacle;Purefire,boiler,1984,present,"^\d{5,7}-(?P<mm>0[1-9]|1[0-2])(?P<yy>\d{2})$",yy,mm,123456-1284,Dec 1984,https://www.peerlessboilers.com/contractor-faq/,High,"Decode: Last 2 digits after the hyphen = last two digits of year / First 2 digits after the hyphen = month (01-12). Manufacturer contractor FAQ gives 123456-0310 = March 2010 (MMYY). Inspectapedia (https://inspectapedia.com/heat/Age_Of_Heaters.php) and qualityhomemi.com say this 4-digit MMYY code ran 1984-1999, then a 6-digit YYYYMM code from 2000; the manufacturer FAQ example shows MMYY still used in 2010, so both may appear after 2000 (tell them apart by length). Pre-1984 serials are 6 digits with no date code: contact PB Heat."
Peerless,PB Heat LLC,Pinnacle;Purefire,boiler,2000,present,"^\d{5,7}-(?P<yyyy>(?:19|20)\d{2})(?P<mm>0[1-9]|1[0-2])$",yyyy,mm,123456-201003,Mar 2010,https://www.peerlessboilers.com/faq/,High,Decode: First 4 digits after the hyphen = 4-digit year / Last 2 digits after the hyphen = month (01-12). Manufacturer FAQ example quoted verbatim. Also InterNACHI https://forum.nachi.org/t/fyi-peerless-boiler-age-id/28319 and building-center.org/peerless-hvac-age/ (339030-200012).
Utica,ECR International,ECR;Ultimate,boiler,,present,^(?P<ww>0[1-9]|[1-4]\d|5[0-3])(?P<yy>\d{2})\d{5}[A-Z]?$,yy,ww,160500150,week 16 2005,https://www.building-center.org/utica-hvac-age/,Medium,"Decode: Characters 3-4 = last two digits of year / Characters 1-2 = work week of year (01-52). Second source: inspectapedia https://inspectapedia.com/heat/ECR-HVAC-Manuals-Age-Contact.php (WWYY56789S, Tri-Fire and others). Start year not stated in sources (examples from 2001 onward), so era_start left blank. Two-digit year is decade-ambiguous only across centuries; use context."
Dunkirk,ECR International,,boiler,,present,^(?P<ww>0[1-9]|[1-4]\d|5[0-3])(?P<yy>\d{2})\d{5}$,yy,ww,500100433,week 50 2001,https://www.inspectorsjournal.com/topic/2074-identifying-manufacturing-date-of-dunkirk-boiler/,Medium,"Decode: Characters 3-4 = last two digits of year / Characters 1-2 = week of year (01-52). Example quoted in source. Second source: https://www.building-center.org/dunkirk-hvac-age/ (9-character serial, example 160500150). Start year not stated, so era_start blank."
Utica,ECR International,,boiler,2003,2012,"^U(?P<ml>[A-L])(?P<yl>[A-J])[A-Z]?\d{4,6}$","letter:A=2003,B=2004,C=2005,D=2006,E=2007,F=2008,G=2009,H=2010,I=2011,J=2012",letters:ABCDEFGHIJKL,UBC14945,Feb 2005,https://inspectapedia.com/heat/ECR-HVAC-Manuals-Age-Contact.php,Medium,"Decode: Character 3 = year letter: A=2003, B=2004, C=2005, D=2006, E=2007, F=2008, G=2009, H=2010, I=2011, J=2012 (sources say 'etc.' after J) / Character 2 = month letter: A=January through L=December. Inspectapedia gives format UMYC12345. Second source https://www.building-center.org/utica-hvac-age/ (Style 2, UBC14945, month = 2nd letter). Letters after J (2013+) presumably continue K, L... but no source confirms, so era_end set to 2012. Decoded example is our reading of the rule, not quoted."
Pennco,ECR International,,boiler,,present,"^P(?P<ww>0[1-9]|[1-4]\d|5[0-3])(?P<yy>\d{2})\d{5,6}$",yy,ww,P3604001133,week 36 2004,https://www.building-center.org/pennco-hvac-age/,Low,"Decode: Characters 4-5 = last two digits of year / Characters 2-3 = work week (01-52). Single source; era not stated. Source says 10 characters but its own example has 11, so pattern allows 5-6 trailing digits."
Olsen,ECR International,,furnace;boiler,,present,^\d{2}(?P<yy>\d{2})[A-Z]\d{6}$,yy,none,1207A012064,2007,https://www.building-center.org/olsen-hvac-age/,Low,"Decode: Characters 3-4 = last two digits of year / Character 5 = month letter (letter table only published as an image; not transcribed). Single source, era not stated. Olsen has other letter-coded styles (e.g. HTYL54759, 27191 BCKLU) whose letter tables are only in images, so not included."
Burnham,U.S. Boiler Company (Burnham Holdings),U.S. Boiler Company;Alliance;Independence;MegaSteam;Revolution,boiler,,present,"^\d{7,8}\((?P<mm>0[1-9]|1[0-2])/(?P<yyyy>(?:19|20)\d{2})\)$",yyyy,mm,64157594(10/1999),Oct 1999,https://www.building-center.org/burnham-hvac-age/,Medium,"Decode: Date printed on the data tag after the serial (or upper right corner of tag) as MM/YYYY: YYYY = year / MM = month. Not an encoded serial: the date is printed on the silver data tag. Second source https://inspectapedia.com/heat/Burnham-HVAC-Manuals-Age-Parts-Contact.php (12345678(MM/YYYY), applies to U.S. Boiler brands). Start of this practice not stated. Older Burnham serials (7-8 digits, no date) cannot be decoded: Burnham says call with the serial; records do not cover pre-1980 units (InterNACHI and Inspector's Journal threads). Example serial and date from building-center; parentheses format constructed from inspectapedia."
Lochinvar,Lochinvar LLC (A.O. Smith),Knight;Crest;Copper-Fin;Armor,boiler;water heater,1979,2011,"^(?P<yl>[A-HJ-NPSTW-Z])(?P<ml>[A-HJ-M])-?\d{5,8}$","letter:T=1979,W=1980,X=1981,Y=1982,Z=1983,A=1984,B=1985,C=1986,D=1987,E=1988,F=1989,G=1990,H=1991,J=1992,K=1993,L=1994,M=1995,N=1996,P=1997,S=1998;cycle=20",letters:ABCDEFGHJKLM,KJ-1000130,Sep 1993,https://www.howtolookatahouse.com/Blog/Entries/2018/9/how-do-i-tell-the-age-of-a-lochinvar-water-heater-from-the-serial-number.html,Medium,"Decode: Character 1 = year letter: A=1984/2004, B=1985/2005, C=1986/2006, D=1987/2007, E=1988/2008, F=1989/2009, G=1990/2010, H=1991/2011, J=1992/2012, K=1993/2013, L=1994/2014, M=1995/2015, N=1996, P=1997, S=1998, T=1999, W=2000, X=2001, Y=2002, Z=2003 (I, O, Q, R, U, V not used; 20-year cycle, so A can also be 1964) / Character 2 = month letter: A=Jan, B=Feb, C=Mar, D=Apr, E=May, F=Jun, G=Jul, H=Aug, J=Sep, K=Oct, L=Nov, M=Dec (I skipped). Second source https://qualityhomemi.com/dating-furnaces-boiler-water-heaters/ (K=1993 ... H=2011, J=2012). Month table and style from https://www.building-center.org/knight-water-heater-age/. CONFLICT: InterNACHI https://forum.nachi.org/t/lochinvar-age/61033 lists L=1983, M=1984 ... X=1990 (a different cycle offset). Letter repeats every 20 years: judge decade by condition."
Lochinvar,Lochinvar LLC (A.O. Smith),Knight;Crest;Copper-Fin;Armor,boiler;water heater,2011,present,^(?P<yy>[1-3]\d)(?P<ww>0[1-9]|[1-4]\d|5[0-3])[A-Z]\d{6}$,yy,ww,1142N012345,week 42 2011,https://www.building-center.org/lochinvar-hvac-age/,Medium,Decode: Characters 1-2 = last two digits of year / Characters 3-4 = week of year (01-52). Second source https://qualityhomemi.com/dating-furnaces-boiler-water-heaters/ (2012 onward YYWW). Example from building-center.
Lochinvar,Lochinvar LLC (A.O. Smith),Knight;Copper-Fin,boiler;water heater,1965,1997,"^(?P<ml>[A-HJ-M])-?(?P<yy>\d{2})-?\d{3,6}[A-Z]?$",yy,letters:ABCDEFGHJKLM,J93-1030F,Sep 1993,https://www.building-center.org/knight-water-heater-age/,Low,"Decode: The 2 digits after the leading letter = last two digits of year / Leading letter = month: A=Jan, B=Feb, C=Mar, D=Apr, E=May, F=Jun, G=Jul, H=Aug, J=Sep, K=Oct, L=Nov, M=Dec (I skipped). Building-center lists three variants (J-930001 1978-present, J93-1030F 1974-1997, M78013 1965-1986) with the same rule; merged here. Single source. Collides with the letter-letter style only if 2nd character is a digit, so they do not overlap."
Lochinvar,Lochinvar LLC (A.O. Smith),Knight,boiler;water heater,1978,present,^(?P<ml>[A-HJ-M])(?P<yy>\d{2})[A-Z]\d{8}$,yy,letters:ABCDEFGHJKLM,A07H00123456,Jan 2007,https://www.building-center.org/knight-water-heater-age/,Low,"Decode: Characters 2-3 = last two digits of year / Character 1 = month: A=Jan, B=Feb, C=Mar, D=Apr, E=May, F=Jun, G=Jul, H=Aug, J=Sep, K=Oct, L=Nov, M=Dec (I skipped). Single source (Style 4); building-center Copper-Fin page gives the same reading (A=January, 07=2007)."
Lochinvar,Lochinvar LLC (A.O. Smith),Knight,boiler;water heater,1984,present,^(?P<yy>\d{2})(?P<mm>0[1-9]|1[0-2])\d{4}$,yy,mm,85041234,Apr 1985,https://www.building-center.org/knight-water-heater-age/,Low,"Decode: Characters 1-2 = last two digits of year / Characters 3-4 = month (01-12). Single source (Style 9, always 8 digits). Building-center also lists a 10-digit style (1978-2010) with year in digits 7-8 and month in 9-10 (e.g. 1234569708); not given its own row."
Laars,Bradford White Corporation,Teledyne Laars;Mascot;Mighty Therm;Mini-Therm,boiler;water heater,,present,"^(?P<ml>[A-HJ-M])(?P<yy>\d{2})[A-Z]?\d{5,6}$",yy,letters:ABCDEFGHJKLM,C00B01803,Mar 2000,https://www.building-center.org/laars-hvac-age/,Medium,"Decode: Characters 2-3 = last two digits of year / Character 1 = month letter, A=January onward (E=May and C=March per examples); full table only published as an image. Second source InterNACHI https://forum.nachi.org/t/teledyne-laars-boiler-nomenclature/159337 (E04F 04351 = May 2004; C97106307 = 1997). Whether I is skipped in month letters is not stated. Era not stated. qualityhomemi.com also gives MYY for Teledyne Laars. Month token assumes A-M skipping I; only C=Mar and E=May are confirmed by sources."
Raypak,Rheem,,boiler;pool heater;water heater,1995,present,^(?P<yy>\d{2})(?P<mm>0[1-9]|1[0-2])\d{6}$,yy,mm,1604304448,Apr 2016,https://gillencounto.blogspot.com/2022/03/how-to-read-raypak-serial-number.html,Medium,"Decode: Characters 1-2 = last two digits of year / Characters 3-4 = month (01-12); building-center adds characters 5-6 = week. Example quoted in source. Second source https://www.building-center.org/raypak-hvac-age/ (0306014119, 1995-present). Overlaps the pre-1995 MMYY style: if digits 1-2 are 13-99 it must be this style; otherwise use era context."
Raypak,Rheem,,boiler;pool heater;water heater,,1994,^(?P<mm>0[1-9]|1[0-2])(?P<yy>\d{2})\d{6}$,yy,mm,0386010019,Mar 1986,https://gillencounto.blogspot.com/2022/03/how-to-read-raypak-serial-number.html,Medium,"Decode: Characters 3-4 = last two digits of year / Characters 1-2 = month (01-12). Second source https://www.building-center.org/raypak-water-heater-age/ (Style 2, 1994 and back). Start year not stated. Example from building-center, decode ours."
Crown,Crown Boiler Co. (Burnham Holdings),,boiler,2004,2018,^(?P<yl>[A-O])(?P<ml>[A-L])$,"letter:A=2004,B=2005,C=2006,D=2007,E=2008,F=2009,G=2010,H=2011,I=2012,J=2013,K=2014,L=2015,M=2016,N=2017,O=2018",letters:ABCDEFGHIJKL,AC,Mar 2004,https://inspectapedia.com/heat/Crown-Boiler-Age-Manuals-Parts-Contact.php,Low,"Decode: Two-letter SERIES code on rating label (not the serial). Year letter: A=2004, B=2005, C=2006, D=2007, E=2008, F=2009, G=2010, H=2011, I=2012, J=2013, K=2014, L=2015, M=2016, N=2017, O=2018 / Month letter: A=Jan, B=Feb, C=Mar, D=Apr, E=May, F=Jun, G=Jul, H=Aug, I=Sep, J=Oct, K=Nov, L=Dec (I used). CONFLICT on letter order: inspectapedia says first letter = year, second = month (example AC = March 2004); https://www.building-center.org/crown-hvac-age/ says first letter = month, second = year. Try both and use context. Some Crown labels print the date directly (e.g. 3/18/2010)."
Crown,Crown Boiler Co. (Burnham Holdings),,indirect water heater,,present,"^(?P<yy>\d{2})\d{6,7}[A-Z]?$",yy,none,98023429,1998,https://inspectapedia.com/heat/Crown-Boiler-Age-Manuals-Parts-Contact.php,Medium,"Decode: Characters 1-2 = last two digits of year / Not encoded. Indirect water heaters only (YY123456 or YY1234567). Second source https://www.building-center.org/crown-hvac-age/ (98023429, 12122507P). Start year not stated. Very loose pattern: only apply when brand is known."
Slant/Fin,Slant/Fin Corp.,,boiler,1985,present,^(?P<ml>[A-HJ-M])(?P<y>\d)\d{7}$,y,letters:ABCDEFGHJKLM,L43045429,Nov 1994 or Nov 2004,https://forum.nachi.org/t/slant-fin-boiler-age/18233,Low,"Decode: Character 2 = last digit of year (decade ambiguous, e.g. 4 = 1994 or 2004) / Character 1 = month letter, A=January, skipping I (L=November). Single forum source; said to start late 1980s (exact year unknown, so era_start blank). https://www.building-center.org/slant-fin-hvac-age/ says Slant/Fin serials cannot be decoded and the company is out of business, so treat as a weak hint only. era_start 1985 is approximate (source says late 1980s)."
Buderus,Bosch Thermotechnology,,boiler,,present,"^\d{6}-(?P<yy>\d{2})(?P<doy>[0-3]\d{2})-\d{5}-\d{8,12}$",yy,doy,253000-08217-01241-7747019703,4 Aug 2008,https://forum.nachi.org/t/buderus-date-code/60060,Medium,"Decode: Second dash-separated group, digits 1-2 = last two digits of year / Second group, last 3 digits = day of year (Julian day 001-366). Example quoted in InterNACHI thread. Second source https://www.building-center.org/buderus-hvac-age/ (Style 2, 253000-08065-...). Era not stated."
Buderus,Bosch Thermotechnology,,boiler,,present,^\d{8}-\d{2}-(?P<y>\d)(?P<doy>[0-3]\d{2})-\d{4}$,y,doy,63036333-00-7080-3241,Mar 2007 or Mar 2017,https://www.building-center.org/buderus-hvac-age/,Low,"Decode: Third dash-separated group, digit 1 = last digit of year (decade ambiguous) / Third group, last 3 digits = day of year (Julian day). Single source (Style 1). Single-digit year: decide decade from context."
Viessmann,Viessmann (Carrier),,boiler,,present,"^\d{6}(?P<yy>\d{2})\d{8,10}$",yy,none,73748610026311101,2010,https://ecohappy.co.uk/boiler-advice/how-old-is-my-boiler/,Low,"Decode: Characters 7-8 = last two digits of year / Not stated. UK site; uses the same example as https://www.building-center.org/viessmann-hvac-age/ (which shows the serial but not the rule in text), so likely derivative. Era not stated. Treat as weak."
NTI,NY Thermal Inc.,,boiler,2011,present,^\d{2}(?P<mm>0[1-9]|1[0-2])(?P<dd>[0-3]\d)(?P<yy>\d{2})\d{8}$,yy,mm,2110202138184177,20 Oct 2021,https://ntiboilers.com/wp-content/uploads/2023/05/NTI-Serial-Date-Codes.pdf,High,"Decode: Characters 7-8 = last two digits of year / Characters 3-4 = month, characters 5-6 = day (ignore leading 2 digits). Manufacturer PDF (boilers built 2019 and up). building-center.org/nti-boilers-and-water-heaters/ dates this 16-digit style 2011-2022."
NTI,NY Thermal Inc.,,boiler,2021,present,^\d{7}[A-Z]\d(?P<yy>\d{2})(?P<doy>[0-3]\d{2})\d{7}$,yy,doy,3260053C8222930000005,20 Oct 2022,https://ntiboilers.com/wp-content/uploads/2023/05/NTI-Serial-Date-Codes.pdf,High,Decode: Characters 10-11 (2nd-3rd digits after the letter) = last two digits of year / Characters 12-14 = day of year (001-366). Manufacturer example. building-center says this 21-character style started September 2021.
NTI,NY Thermal Inc.,,indirect water heater,,present,^(?P<yy>\d{2})\d{6}$,yy,none,22033999,2022,https://ntiboilers.com/wp-content/uploads/2023/05/NTI-Serial-Date-Codes.pdf,High,Decode: Characters 1-2 = last two digits of year / Not encoded. Trin and Stor indirect tanks only. Start year not stated. Loose pattern: apply only to those models.
NTI,NY Thermal Inc.,,boiler,,2010,"^(?P<yy>\d{2})[A-Z]{1,4}-\d{4,6}$",yy,none,09TI-21647,2009,https://ntiboilers.com/wp-content/uploads/2023/05/NTI-Serial-Date-Codes.pdf,High,"Decode: Characters 1-2 = last two digits of year / Not encoded. Pre-2010 discontinued models (T, Ti, Legacy). TX, FTV, TFT, LX, FTG: call NTI. Start year not stated."
H.B. Smith,H.B. Smith Co.,,boiler,,present,"^[A-Z](?P<yy>\d{2})-\d{3,5}[A-Z]?$",yy,none,J80-2747,1980,https://inspectapedia.com/heat/Age_Of_Heaters.php,Medium,"Decode: Characters 2-3 (two digits after the leading letter) = last two digits of year / Leading letter: series per InterNACHI (D = Series 8) or month per building-center; unresolved. Example quoted by inspectapedia. Agreeing sources on the year digits: https://forum.nachi.org/t/hb-smith-boiler-age-please/33626 (D85 = 1985) and https://www.building-center.org/h-b-smith-hvac-age/ (D86-2810P). Era not stated. Not the same company as Smith Cast Iron Boilers (Mestek/Westcast), which building-center says cannot be dated."
H.B. Smith,H.B. Smith Co.,,boiler,,present,^[A-Z0-9]{2}(?P<yyyy>(?:19|20)\d{2})-\d{4}$,yyyy,none,AB1998-1234,1998,https://inspectapedia.com/heat/Age_Of_Heaters.php,Low,Decode: Characters 3-6 = 4-digit year / Not encoded. Constructed example. Source gives only the template XXyyyy-nnnn for 'later' H.B. Smith serials; what XX holds is not stated.
H.B. Smith,H.B. Smith Co.,,boiler,,present,^(?P<mm>0[1-9]|1[0-2])(?P<yy>\d{2})\d{5}$,yy,mm,059989310,May 1999,https://www.building-center.org/h-b-smith-hvac-age/,Low,Decode: Characters 3-4 = last two digits of year / Characters 1-2 = month. Single source (Style 1). Era not stated. Building-center also lists 8-W-3-053714 with year in characters 7-8 (counting dashes); not given a row.
Energy Kinetics,Energy Kinetics Inc.,,boiler,,present,^\d(?P<yy>\d{2})(?P<mm>0[1-9]|1[0-2])\d{4}$,yy,mm,299078847,Jul 1999,https://www.building-center.org/energy-kinetics-hvac-age/,Low,Decode: Characters 2-3 = last two digits of year / Characters 4-5 = month. Building-center Style 1. InterNACHI https://forum.nachi.org/t/energy-kinetics-2000/16187 confirms boilers carry a year/month date code but gives no positions. Water heaters use the OEM's code.
Energy Kinetics,Energy Kinetics Inc.,,boiler,,present,^F\d(?P<yy>\d{2})(?P<mm>0[1-9]|1[0-2])\d{6}$,yy,mm,F10608063248,Aug 2006,https://www.building-center.org/energy-kinetics-hvac-age/,Low,"Decode: Characters 3-4 counting the leading F (2nd-3rd digits) = last two digits of year / Characters 5-6 counting the F = month. Building-center Style 2; its text says month is '5th and 8th' digits, read here as 5th-6th. Treat as weak."
Brute,Bradford White Corporation,Brute II;Magnatherm,boiler;water heater,1984,2007,^(?P<yl>[A-HJ-NPSTW-Z])(?P<ml>[A-HJ-M])\d{7}$,"letter:A=1984,B=1985,C=1986,D=1987,E=1988,F=1989,G=1990,H=1991,J=1992,K=1993,L=1994,M=1995,N=1996,P=1997,S=1998,T=1999,W=2000,X=2001,Y=2002,Z=2003;cycle=20",letters:ABCDEFGHJKLM,WC9876553,Mar 2000,https://forthepro.bradfordwhite.com/determining-the-age-of-a-water-heater/,Medium,"Decode: Character 1 = year letter: A=1984/2004, B=1985/2005, C=1986/2006, D=1987/2007, E=1988/2008, F=1989/2009, G=1990/2010, H=1991/2011, J=1992/2012, K=1993/2013, L=1994/2014, M=1995/2015, N=1996/2016, P=1997/2017, S=1998/2018, T=1999/2019, W=2000/2020, X=2001/2021, Y=2002/2022, Z=2003/2023 (I, O, Q, R, U, V not used) / Character 2 = month letter: A=Jan, B=Feb, C=Mar, D=Apr, E=May, F=Jun, G=Jul, H=Aug, J=Sep, K=Oct, L=Nov, M=Dec (I skipped). Code is from Bradford White's own water heater page; that it applies to Brute boilers comes from https://www.building-center.org/brute-hvac-age/ (WC9876553, 1st letter year, 2nd month). Sequence is 7 digits before December 2007 (DM)."
Brute,Bradford White Corporation,Brute II;Magnatherm,boiler;water heater,2007,present,^(?P<yl>[A-HJ-NPSTW-Z])(?P<ml>[A-HJ-M])\d{8}$,"letter:A=1984,B=1985,C=1986,D=1987,E=1988,F=1989,G=1990,H=1991,J=1992,K=1993,L=1994,M=1995,N=1996,P=1997,S=1998,T=1999,W=2000,X=2001,Y=2002,Z=2003;cycle=20",letters:ABCDEFGHJKLM,LE12345678,May 2014,https://forthepro.bradfordwhite.com/determining-the-age-of-a-water-heater/,Medium,"Decode: Character 1 = year letter: A=1984/2004, B=1985/2005, C=1986/2006, D=1987/2007, E=1988/2008, F=1989/2009, G=1990/2010, H=1991/2011, J=1992/2012, K=1993/2013, L=1994/2014, M=1995/2015, N=1996/2016, P=1997/2017, S=1998/2018, T=1999/2019, W=2000/2020, X=2001/2021, Y=2002/2022, Z=2003/2023 (I, O, Q, R, U, V not used) / Character 2 = month letter: A=Jan, B=Feb, C=Mar, D=Apr, E=May, F=Jun, G=Jul, H=Aug, J=Sep, K=Oct, L=Nov, M=Dec (I skipped). Constructed example. 8-digit sequence from December 2007 (DM) on. Brute applicability via https://www.building-center.org/brute-hvac-age/."
AERCO,Watts Water Technologies,,boiler;water heater,,present,"^[A-Z]-(?P<yy>\d{2})-\d{3,4}$",yy,none,G-97-031,1997,https://www.bidspotter.com/en-us/auction-catalogues/bschilc/catalogue-id-bschilc10032/lot-7879b7dc-591e-4021-a1ab-a522014abcd6,Low,"Decode: Characters after the first dash = last two digits of year (inferred) / Not encoded. No AERCO document states the rule. Evidence: auction listing pairs G-97-031 with 1997, and AERCO manuals are titled by serial ranges that track publication year (e.g. Benchmark 2.0 manual 'G-00-711 thru G-01-095' dated 2001; Benchmark 5000-6000 'N-19-0001 and above'). AERCO's serial-location guide (TID-0106) gives no date rule. Weak inference."
Cleaver-Brooks,Cleaver-Brooks Inc.,,boiler;burner,,present,^PSIDATE(?P<yyyy>(?:19|20)\d{2})$,yyyy,none,PSIDATE2013,2013,https://www.building-center.org/cleaver-brooks-hvac-age/,Low,Decode: Nameplate field 'PSI DATE' = year built (not the serial) / Not encoded. Serial numbers (e.g. L-84718) are unit IDs with no date. Boilers with a 1996 or later birthdate have a bill of materials in Cleaver-Brooks Navigator; older ones: call Cleaver-Brooks.
National Board (ASME plate),National Board of Boiler and Pressure Vessel Inspectors,,boiler;pressure vessel,,present,,none,none,,,https://www.nationalboard.org/index.aspx?pageID=113&ID=442,High,"No date code: the National Board number is a registration number, not a date. Decode: Not encoded: the NB number is a registration number. Order the Manufacturer's Data Report from the National Board ($45 per NB number) using the original manufacturer name and NB number; ASME plates usually also carry a separate 'Year Built' field / Not encoded. Constructed example. Useful for commercial ASME boilers of any brand. Year Built on the plate is the direct answer when legible."
Triangle Tube,Groupe Atlantic,,boiler;water heater,,present,,none,none,,,https://www.building-center.org/triangle-tube-boilers-and-water-heaters/,Medium,"No published serial date code: sequential serials; date only if printed on the rating label, otherwise call Triangle Tube (856-228-8881) with model and serial."
Axeman-Anderson,Axeman-Anderson Company,,boiler,,present,,none,none,,,https://www.building-center.org/axeman-anderson-hvac-age/,Low,No published serial date code: contact the manufacturer or use the ANSI/CSA standard year on the data tag.
Smith Cast Iron Boilers,Mestek (Westcast),,boiler,,present,,none,none,,,https://www.building-center.org/smith-cast-iron-boilers-hvac-age/,Low,No published serial date code: use ANSI/CSA marks or gas valve / relief valve date stamps. Not the same as H.B. Smith (see H.B. Smith rows).
Peerless,PB Heat LLC,,boiler,,1983,,none,none,,,https://www.building-center.org/peerless-hvac-age/,Medium,No date code before 1984: 6-digit serial with no hyphenated date suffix; contact PB Heat. Second source https://inspectapedia.com/heat/Age_Of_Heaters.php. era_end 1983.
Bradford White,Bradford White Corporation,Jetglas;Energy Saver;Golden Knight,tank water heater,1964,1983,^(?P<yl>[A-HJ-NPSTW-Z])(?P<ml>[A-HJ-M])\d{7}$,"letter:A=1964,B=1965,C=1966,D=1967,E=1968,F=1969,G=1970,H=1971,J=1972,K=1973,L=1974,M=1975,N=1976,P=1977,S=1978,T=1979,W=1980,X=1981,Y=1982,Z=1983;cycle=20",letters:ABCDEFGHJKLM,TK1234567,Oct 1979,https://www.howtolookatahouse.com/Blog/Entries/2018/9/how-do-i-tell-the-age-of-a-bradford-white-water-heater-from-the-serial-number.html,Medium,"Decode: Character 1 = year letter on a 20-year cycle starting A=1964: A=1964, B=1965, C=1966, D=1967, E=1968, F=1969, G=1970, H=1971, J=1972, K=1973, L=1974, M=1975, N=1976, P=1977, S=1978, T=1979, W=1980, X=1981, Y=1982, Z=1983 (I, O, Q, R, U, V not used); Character 2 = month letter: A=Jan, B=Feb, C=Mar, D=Apr, E=May, F=Jun, G=Jul, H=Aug, J=Sep, K=Oct, L=Nov, M=Dec (I skipped). Constructed example. Same letters recur for 1984-2003 and 2004-2023, so decade must come from ANSI revision year, label style or building age. Second source: https://inspectapedia.com/heat/Furnace_Water_Heater_Age_Charts.pdf (A = 1964, 1984 or 2004; month A-M skipping I). Sequence length (7 digits) assumed same as later era."
Bradford White,Bradford White Corporation,Jetglas,tank water heater,1967,1983,^(?P<yl>[A-HJ-NPSTW-Z])\d{7}(?P<ml>[A-HJ-M])$,"letter:A=1964,B=1965,C=1966,D=1967,E=1968,F=1969,G=1970,H=1971,J=1972,K=1973,L=1974,M=1975,N=1976,P=1977,S=1978,T=1979,W=1980,X=1981,Y=1982,Z=1983;cycle=20",letters:ABCDEFGHJKLM,D1234567F,Jun 1967,https://www.modernpi.com/wp-content/uploads/2026/05/2011916121457_WaterHeaterSerialNumberDecoder.pdf,Low,"Decode: Character 1 = year letter, 20-year cycle with A=1964 (so D=1967); Last character = month letter: A=Jan, B=Feb, C=Mar, D=Apr, E=May, F=Jun, G=Jul, H=Aug, J=Sep, K=Oct, L=Nov, M=Dec (I skipped). Constructed example from the masked example 'D*******F (June 1967)' in The Inspector's Journal 2010 decoder chart. Only source for a month-letter-last layout; other sources describe month as the 2nd letter even pre-1984. Era bounds are a guess from the single example; treat as a fallback pattern."
State,State Industries (A.O. Smith from 2001),State Industries;Reliance;Sears;Kenmore;Ambassador;Crosley;JC Penney;Thermo-King,tank water heater,1976,2008,"^(?P<ml>[A-HJ-M])(?P<yy>\d{2})[A-Z]?\d{6,7}$",yy,letters:ABCDEFGHJKLM,H765662231,Aug 1976,https://www.building-center.org/state-water-heater-age/,Medium,"Decode: Characters 2-3 = last two digits of year; Character 1 = month letter: A=Jan, B=Feb, C=Mar, D=Apr, E=May, F=Jun, G=Jul, H=Aug, J=Sep, K=Oct, L=Nov, M=Dec (I skipped). Second source: https://www.nachi.org/water-heater-dating-chart.htm (J89xxx = October 1989). Also https://inspectapedia.com/plumbing/State-Water-Heater-Age-Manuals.php (A00114092 = January 2000) and TIJ chart (C05 = March 2005, 'prior to 2008'). Other real examples: M07A009387 (Dec 2007), Reliance L92441351, C91A136750, Sears A79940006 (building-center). Two-digit year has century ambiguity (76 = 1976). Kenmore units made by A.O. Smith use the same letter-month layout (e.g. A03307353)."
State,A.O. Smith,Reliance;Kenmore;Sears,tank water heater,2008,present,^[A-Z]?(?P<yy>\d{2})(?P<ww>\d{2})(?:[A-Z]\d{6}|\d{9})$,yy,ww,1210A002243,week 10 2012 (Mar 2012),https://www.building-center.org/state-water-heater-age/,Medium,"Decode: Digits 1-2 (after any leading letter) = last two digits of year; Digits 3-4 = week of year (01-52). Second source: TIJ chart https://www.modernpi.com/wp-content/uploads/2026/05/2011916121457_WaterHeaterSerialNumberDecoder.pdf ('Beginning 2008, state uses an 11-digit alpha-numeric serial number. The first two positions are the year followed by a two digit week'). Other layouts seen: S1318F000046 (letter prefix), 1836111786352 (13 digits). Reliance 1211A018632. Do not confuse with Rheem MMYY."
A.O. Smith,A.O. Smith,National;Glascote;Perma-Glas,tank water heater,1970,1979,"^[A-Z]\d{2}-?(?P<ml>[A-HJ-M])-?(?P<yy>\d{2})-?\d{5,6}$",yy,letters:ABCDEFGHJKLM,A20-H-78-015482,Aug 1978,https://www.building-center.org/a-o-smith-water-heater-age/,Medium,"Decode: The two digits after the second letter = last two digits of year; Second letter (between hyphens) = month letter: A=Jan, B=Feb, C=Mar, D=Apr, E=May, F=Jun, G=Jul, H=Aug, J=Sep, K=Oct, L=Nov, M=Dec (I skipped). 1970s layout. Second source: https://inspectapedia.com/plumbing/AO-Smith-Water-Heater-Age-Manuals.php ('Ser# N69-C-YY-12345 ... found on water heaters from the 1970s'). Building-center plate shows ANSI 1971 revision. Era bounds are approximate (1970s)."
A.O. Smith,A.O. Smith,National;Glascote;Perma-Glas;State;Reliance,tank water heater,1982,2004,"^[A-Z](?P<ml>[A-HJ-M])(?P<yy>\d{2})-?[A-Z]?\d{5,7}(?:-?[A-Z0-9]+)?$",yy,letters:ABCDEFGHJKLM,GG03-1495366-S29,Jul 2003,https://www.building-center.org/a-o-smith-water-heater-age/,Medium,"Decode: Characters 3-4 = last two digits of year; Character 1 = factory code (ignore); character 2 = month letter: A=Jan, B=Feb, C=Mar, D=Apr, E=May, F=Jun, G=Jul, H=Aug, J=Sep, K=Oct, L=Nov, M=Dec (I skipped). Second source: https://www.nachi.org/water-heater-dating-chart.htm (AJ89xxx = October 1989). Also InspectApedia (GB92-03123456-789 = February 1992) and building-center National AD82-36207-Z99 (April 1982), Glascote AJ89123456, Reliance AJ03123456. building-center State page says the factory letter was dropped after July 2004. era_start is the earliest dated example seen (1982), may be earlier."
A.O. Smith,A.O. Smith,Glascote;Perma-Glas;Kenmore,tank water heater,2004,2008,"^(?P<ml>[A-HJ-M])(?P<yy>\d{2})[A-Z]?\d{6,7}$",yy,letters:ABCDEFGHJKLM,E07A135491,May 2007,https://www.building-center.org/a-o-smith-water-heater-age/,Medium,"Decode: Characters 2-3 = last two digits of year; Character 1 = month letter: A=Jan, B=Feb, C=Mar, D=Apr, E=May, F=Jun, G=Jul, H=Aug, J=Sep, K=Oct, L=Nov, M=Dec (I skipped). Second source: TIJ chart https://www.modernpi.com/wp-content/uploads/2026/05/2011916121457_WaterHeaterSerialNumberDecoder.pdf ('Old is *H06****** (August 2006)', 'Prior to 2008'). building-center says this style ended somewhere between 2008 and 2010, replaced by YYWW. Glascote/Perma-Glas example L07A0711460 (Nov 2007). Same layout as State Industries letter-month row."
American Water Heater,A.O. Smith (since 2006),U.S. Craftmaster;Whirlpool;Envirotemp;Premier;Mor-Flo/American;Proline;Hotmaster;Polaris;Ace;Tru Value;Servistar;Standard;Revere;Shamrock;Champion;Craftmaster,tank water heater,1989,present,"^[A-Z]?(?P<yy>\d{2})(?P<ww>\d{2})[A-Z]?\d{5,9}$",yy,ww,0020118002,week 20 2000 (May 2000),https://www.nachi.org/water-heater-dating-chart.htm,Medium,"Decode: Digits 1-2 = last two digits of year; Digits 3-4 = week of year (01-52). Example is U.S. Craftmaster from https://building-center.org/u-s-craftmaster-water-heater-age/. Second source: https://waterheaterrescue.ca/wp-content/uploads/2017/08/Water-Heater-Age-Decoder.pdf (8906xxx = 6th week 1989, 8924xxx = 24th week 1989). Whirlpool examples 1104T403904, 0128104380 (building-center). era_start is the earliest dated example. building-center also shows one American plate (0503535368) read as YYMM, likely a GSW-built unit from the 2002-2006 GSW ownership; YYWW is the norm."
Mor-Flo,"Mor-Flo Industries (later American Water Heater, A.O. Smith)",Mor-Flo/American,tank water heater,1986,2004,"^[A-Z]?(?P<yy>\d{2})(?P<ww>\d{2})\d{5,6}$",yy,ww,J861425155,week 14 1986 (Apr 1986),https://building-center.org/mor-flo-water-heater-age/,Low,"Decode: Digits 1-2 (after any leading letter) = last two digits of year; Digits 3-4 = week of year (01-52). Era bounds are the dated examples only (J861425155 = 1986, 043812019 = 2004). Some Mor-Flo units have sequential serials (e.g. A201970, A2363113) and the date is in a separate warranty code instead: letter month A-L (no skipped letters) + 2-digit year (e.g. L-75), or YYWW (e.g. 8214); this pattern does not apply to those."
American Appliance,American Appliance Mfg. Corp.,American,tank water heater,1985,1986,"^[A-Z](?P<yy>\d{2})(?P<ww>\d{2})\d{2,5}[A-Z]?$",yy,ww,C860305922A,week 3 1986 (Jan 1986),https://www.building-center.org/american-appliance-mfg-corp/,Medium,Decode: Digits 1-2 after the letter prefix = last two digits of year; Digits 3-4 after the letter prefix = week of year. Second source: https://inspectapedia.com/plumbing/American-Water-Heater-Age-Manuals.php (A854892 = week 48 of 1985). building-center marks the week position as 'possible'. Era bounds are the dated examples only. Not the same company as American Water Heater Co. (Johnson City TN). Earlier units used sequential serials with a separate warranty code.
Rheem,Rheem (Paloma),Ruud;Richmond;Vanguard;Professional;Western Auto;Montgomery Ward;Citation;Vista Therm,tank water heater,1969,1999,"^(?:R[A-Z]{0,3})?(?P<mm>0[1-9]|1[0-2])(?P<yy>\d{2})[A-Z]?\d{5,6}$",yy,mm,R0884B10488,Aug 1984,https://www.building-center.org/rheem-water-heater-age/,Medium,"Decode: Digits 3-4 (after any letter prefix such as R, RN, RNG, RHNG, RHLN, RU) = last two digits of year; Digits 1-2 (after prefix) = month (01-12). Second source: https://www.nachi.org/water-heater-dating-chart.htm (0189xxx = January 1989 for Rheem, Richmond, Ruud). Rheem label sheet in https://waterheaterrescue.ca/wp-content/uploads/2017/08/Water-Heater-Age-Decoder.pdf gives 1291A39968 = Dec 1991 and 0884810488 = Aug 1984. howtolookatahouse says 1969 units use the same system. Format continues unchanged after 1999 (modern Rheem row). Month-first: 1219 = Dec 2019, not week 19."
Rheem,Rheem (Paloma),Ruud,tank water heater,1970,1979,^\d{5}(?P<ww>\d{2})(?P<yy>\d{2})$,yy,ww,168252873,week 28 1973 (Jul 1973),https://www.pickhvac.com/hvac/age-serial-number/rheem/,Low,"Decode: Last two digits = last two digits of year (19xx); The two digits before the year = week of year. era_start unknown: source says 'made in the 1970's and earlier'. Single HVAC-focused third-party source. Conflicts with howtolookatahouse, which says 1969 Rheem heaters already used month-year first; check both readings against plausibility."
GE,GE Appliances (tank units made by Rheem),General Electric,tank water heater,,2011,"^(?:GE[A-Z]{0,2}|RN)?(?P<mm>0[1-9]|1[0-2])(?P<yy>\d{2})[A-Z]?\d{5,7}$",yy,mm,GENG0601D13586,Jun 2001,https://building-center.org/ge-water-heater-age/,Medium,"Decode: Digits 3-4 (after any GE, GENG or RN prefix) = last two digits of year; Digits 1-2 (after prefix) = month (01-12). era_start unknown. Second source: https://inspectapedia.com/plumbing/GE-Water-Heater-Age-Manuals.php (0111533776 = January 2011, Rheem-made). Other examples: 1108903259 (Nov 2008), GE09022246884 (Sep 2002), RN0197147899 (Jan 1997). InspectApedia also reports a GE AWWYY variant (GE A511315388) and building-center says some GE tankless units from 2006 were built by Rinnai; those do not follow this rule. era_end is the latest dated example."
Hotpoint,Rheem-built,,tank water heater,,2001,"^(?:HP[A-Z]{0,2}|R)?(?P<mm>0[1-9]|1[0-2])(?P<yy>\d{2})[A-Z]\d{5}$",yy,mm,0301A03043,Mar 2001,https://www.building-center.org/hotpoint-water-heater-age/,Medium,"Decode: Digits 3-4 (after any R, HP, HPG, HPNG prefix) = last two digits of year; Digits 1-2 (after prefix) = month (01-12). era bounds unknown beyond the one dated example (2001). Second source: https://waterheaterrescue.ca/wp-content/uploads/2017/08/Water-Heater-Age-Decoder.pdf lists Hotpoint under Rheem trade names (month then year)."
Marathon,Rheem,,tank water heater;electric water heater,1989,present,^(?P<mm>0[1-9]|1[0-2])(?P<yy>\d{2})\d{6}$,yy,mm,0189123456,Jan 1989,https://www.nachi.org/water-heater-dating-chart.htm,Medium,Decode: Digits 3-4 = last two digits of year; Digits 1-2 = month (01-12). Second source: https://waterheaterrescue.ca/wp-content/uploads/2017/08/Water-Heater-Age-Decoder.pdf (0189xxx = January 1989). Example layout also at https://www.building-center.org/marathon-water-heater-age/. era_start is the earliest dated example; the 0189 example may be illustrative.
John Wood,GSW (A.O. Smith since 2006),GSW;Moffat;Superflue;Medal,tank water heater,1975,1986,^\d{6}-?(?P<yy>\d{2})(?P<mm>0[1-9]|1[0-2])$,yy,mm,137945-7503,Mar 1975,https://www.building-center.org/john-wood-water-heater-age/,Low,"Decode: After the hyphen, digits 1-2 = last two digits of year; After the hyphen, digits 3-4 = month (01-12). Old style, before the 2006 A.O. Smith acquisition. Era bounds are guesses bracketing the dated examples of this style (1975) and the next style (1987); single source."
John Wood,GSW (A.O. Smith since 2006),GSW;Moffat;Superflue;Medal,tank water heater,1987,2007,^[A-Z]?(?P<yy>\d{2})(?P<mm>0[1-9]|1[0-2])-?\d{6}$,yy,mm,U0106413635,Jun 2001,https://johnwoodwaterheaters.com/faqs/,High,"Decode: Digits 1-2 (ignoring any leading letter) = last two digits of year; Digits 3-4 = month (01-12) for units built before 2008. Manufacturer FAQ (same text at https://gsw-wh.com/faq/). Example is the manufacturer's own. era_start is the earliest dated example (8711-127684 = Nov 1987, building-center); also https://waterheaterrescue.ca/wp-content/uploads/2017/08/Water-Heater-Age-Decoder.pdf (8901xxx = Jan 1989). A building-center Moffat plate 0331263882 has 31 in the month slot, so some pre-2008 units may already use week; treat digits 3-4 over 12 as week."
John Wood,GSW (A.O. Smith since 2006),GSW;Moffat,tank water heater,2008,present,"^[A-Z]?(?P<yy>\d{2})(?P<ww>\d{2})[A-Z]?\d{6,7}$",yy,ww,U0928413635,week 28 2009 (Jul 2009),https://gsw-wh.com/faq/,High,"Decode: Digits 1-2 (ignoring any leading letter) = last two digits of year; Digits 3-4 = week of year (01-52) for units built 2008 and later. Manufacturer FAQ (GSW and John Wood). Example from https://www.building-center.org/john-wood-water-heater-age/. Other layouts: U1117F700633, S1001F701883 (building-center GSW page). Identical layout to pre-2008 row: use year >= 08 to choose week vs month."
Lochinvar,Lochinvar (A.O. Smith),Knight;Armor,commercial water heater;boiler,1984,2011,"^(?P<yl>[A-HJ-NPSTW-Z])(?P<ml>[A-HJ-M])-?\d{5,7}$","letter:A=1984,B=1985,C=1986,D=1987,E=1988,F=1989,G=1990,H=1991,J=1992,K=1993,L=1994,M=1995,N=1996,P=1997,S=1998,T=1999,W=2000,X=2001,Y=2002,Z=2003;cycle=20",letters:ABCDEFGHJKLM,KJ-1000130,Sep 1993,https://www.howtolookatahouse.com/Blog/Entries/2018/9/how-do-i-tell-the-age-of-a-lochinvar-water-heater-from-the-serial-number.html,Low,"Decode: Character 1 = year letter, Bradford-White-style 20-year cycle: A=1984, B=1985, C=1986, D=1987, E=1988, F=1989, G=1990, H=1991, J=1992, K=1993, L=1994, M=1995, N=1996, P=1997, S=1998, T=1999, W=2000, X=2001, Y=2002, Z=2003 (I, O, Q, R, U, V not used) (also 1964-1983, 2004-2023); Character 2 = month letter: A=Jan, B=Feb, C=Mar, D=Apr, E=May, F=Jun, G=Jul, H=Aug, J=Sep, K=Oct, L=Nov, M=Dec (I skipped). Sources conflict on the year table. howtolookatahouse and the TIJ chart (https://www.modernpi.com/wp-content/uploads/2026/05/2011916121457_WaterHeaterSerialNumberDecoder.pdf, CJ = Sept 1986) give the 20-letter cycle above. https://www.building-center.org/lochinvar-hvac-age/ (source of the example) gives a 22-letter cycle: K=1979, L=1980, M=1981, N=1982, P=1983, R=1984, S=1985, T=1986, V=1987, W=1988, X=1989, Y=1990, Z=1991, A=1992, B=1993 ... J=2000, K=2001 ... X=2011, used 1979-2011; under that table KJ = Sept 1979 or 2001. Confirm with Lochinvar."
Lochinvar,Lochinvar (A.O. Smith),Knight;Armor,commercial water heater;boiler,2011,present,^(?P<yy>\d{2})(?P<ww>\d{2})[A-Z]\d{6}$,yy,ww,1142N012345,week 42 2011 (Oct 2011),https://www.building-center.org/lochinvar-hvac-age/,Low,Decode: Digits 1-2 = last two digits of year; Digits 3-4 = week of year (01-52). Single fetched source. Some third-party pages say 2012 onward.
Lochinvar,Lochinvar (A.O. Smith),,commercial water heater;boiler,1965,present,"^(?P<ml>[A-HJ-M])-?(?P<yy>\d{2})(?:-?\d{3,6}[A-Z]?|[A-Z]\d{8})$",yy,letters:ABCDEFGHJKLM,J-930001,Sep 1993,https://www.building-center.org/lochinvar-hvac-age/,Low,"Decode: The two digits after the first letter = last two digits of year; Character 1 = month letter: A=Jan, B=Feb, C=Mar, D=Apr, E=May, F=Jun, G=Jul, H=Aug, J=Sep, K=Oct, L=Nov, M=Dec (I skipped). Covers building-center styles 3-6: J-930001 (1978-present), A07H00123456 (1978-present), J93-1030F (Standard Hi-Power and oil-fired BRE, 1974-1997), M78013 (HF, G-O, PG series, 1965-1986). Mostly boilers and hot-water supply boilers. Two-digit year has century ambiguity."
Lochinvar,Lochinvar (A.O. Smith),,electric booster water heater,1978,2010,^\d{6}(?P<yy>\d{2})(?P<mm>0[1-9]|1[0-2])$,yy,mm,1234569708,Aug 1997,https://www.building-center.org/lochinvar-hvac-age/,Low,"Decode: Digits 7-8 = last two digits of year; Digits 9-10 = month (01-12). Electric Boosters (SB) series, always 10 digits. Illustrative example from source. building-center also lists an 8-digit YYMM style (85041234 = April 1985) for HF, G-O and PG series from 1984."
Rinnai,Rinnai,,tankless water heater,1999,2009,"^(?P<yy>\d{2})\.?(?P<mm>0[1-9]|1[0-2])-?\d{4,6}$",yy,mm,04.03-102521,Mar 2004,https://www.building-center.org/rinnai-water-heater-age/,Medium,"Decode: Digits 1-2 (before the period) = last two digits of year; Digits 3-4 (after the period) = month (01-12). Second source: https://www.howtolookatahouse.com/Blog/Entries/2018/8/how-do-i-tell-the-age-of-a-rinnai-water-heater-from-the-serial-number.html ('first two digits are the year and the second two digits are the month', used until mid/late 2009). building-center also shows 0507 06654 style (1999-2008). From late 2009 Rinnai switched to a two-letter year/month code (modern row)."
Noritz,Noritz,,tankless water heater,,present,"^(?P<yyyy>(?:19|20)\d{2})\.(?P<mm>0[1-9]|1[0-2])-?\d{5,6}$",yyyy,mm,2005.06-004472,Jun 2005,https://www.building-center.org/noritz-water-heater-age/,Medium,Decode: Digits 1-4 = full 4-digit year; Digits 5-6 (after the period) = month (01-12). era_start unknown. Second source: https://www.howtolookatahouse.com/Blog/Entries/2018/8/how-do-i-tell-the-age-of-a-noritz-water-heater-from-the-serial-number.html ('first four digits ... year ... fifth and sixth digits are the month').
Takagi,Takagi (A.O. Smith),,tankless water heater,2010,present,"^(?P<yy>\d{2})(?P<ww>\d{2})[A-Z]?\d{4,9}$",yy,ww,1544E000453,week 44 2015 (Nov 2015),https://building-center.org/takagi-water-heater-age/,Medium,Decode: Digits 1-2 = last two digits of year; Digits 3-4 = week of year (01-52). Second source: https://www.howtolookatahouse.com/Blog/Entries/2018/6/how-can-i-tell-the-age-of-a-takagi-water-heater-from-the-serial-number.html. Before 2010 Takagi serials were sequential (e.g. 33001941) with no date; use ANSI/CSA revision year or call Takagi.
Bosch,Bosch Thermotechnology,Bosch Aquastar;Bosch Therm,tankless water heater;electric water heater,1998,1999,^(?:[A-Z]{2})?(?P<y>[89])6(?P<mm>[1-9])\d{6}$,y,mm,861123456,Jan 1998,https://inspectapedia.com/heat/Furnace_Water_Heater_Age_Charts.pdf,Medium,"Split into 4 rows so the decoder can read the month code: this row covers codes 6x. Constructed example from the chart code. Decode: Digit 1 = last digit of year; decade comes from the month code range (61-72 = 1990s, 81-92 = 2000s); Digits 2-3 = month code: 1998-1999 use 61=Jan ... 72=Dec; 2000-2009 use 81=Jan ... 92=Dec. Second source: https://www.building-center.org/bosch-water-heater-age/ (all first 3 digits needed; month codes changed with the decade; ignore leading letters as in FD687400341 = July 2006). From 2010 the date is printed on the rating plate. Newer serials like 8370-853-000213-7736502725 do not follow this rule."
Bosch,Bosch Thermotechnology,Bosch Aquastar;Bosch Therm,tankless water heater;electric water heater,1998,1999,^(?:[A-Z]{2})?(?P<y>[89])7(?P<ml>[0-2])\d{6}$,y,letters:ABCDEFGHJ012,870123456,Oct 1998,https://inspectapedia.com/heat/Furnace_Water_Heater_Age_Charts.pdf,Medium,"Split into 4 rows so the decoder can read the month code: this row covers codes 7x. Constructed example from the chart code. Decode: Digit 1 = last digit of year; decade comes from the month code range (61-72 = 1990s, 81-92 = 2000s); Digits 2-3 = month code: 1998-1999 use 61=Jan ... 72=Dec; 2000-2009 use 81=Jan ... 92=Dec. Second source: https://www.building-center.org/bosch-water-heater-age/ (all first 3 digits needed; month codes changed with the decade; ignore leading letters as in FD687400341 = July 2006). From 2010 the date is printed on the rating plate. Newer serials like 8370-853-000213-7736502725 do not follow this rule."
Bosch,Bosch Thermotechnology,Bosch Aquastar;Bosch Therm,tankless water heater;electric water heater,2000,2009,^(?:[A-Z]{2})?(?P<y>\d)8(?P<mm>[1-9])\d{6}$,y,mm,FD687400341,Jul 2006,https://inspectapedia.com/heat/Furnace_Water_Heater_Age_Charts.pdf,Medium,"Split into 4 rows so the decoder can read the month code: this row covers codes 8x. Real example from building-center. Decode: Digit 1 = last digit of year; decade comes from the month code range (61-72 = 1990s, 81-92 = 2000s); Digits 2-3 = month code: 1998-1999 use 61=Jan ... 72=Dec; 2000-2009 use 81=Jan ... 92=Dec. Second source: https://www.building-center.org/bosch-water-heater-age/ (all first 3 digits needed; month codes changed with the decade; ignore leading letters as in FD687400341 = July 2006). From 2010 the date is printed on the rating plate. Newer serials like 8370-853-000213-7736502725 do not follow this rule."
Bosch,Bosch Thermotechnology,Bosch Aquastar;Bosch Therm,tankless water heater;electric water heater,2000,2009,^(?:[A-Z]{2})?(?P<y>\d)9(?P<ml>[0-2])\d{6}$,y,letters:ABCDEFGHJ012,390123456,Oct 2003,https://inspectapedia.com/heat/Furnace_Water_Heater_Age_Charts.pdf,Medium,"Split into 4 rows so the decoder can read the month code: this row covers codes 9x. Constructed example from the chart code. Decode: Digit 1 = last digit of year; decade comes from the month code range (61-72 = 1990s, 81-92 = 2000s); Digits 2-3 = month code: 1998-1999 use 61=Jan ... 72=Dec; 2000-2009 use 81=Jan ... 92=Dec. Second source: https://www.building-center.org/bosch-water-heater-age/ (all first 3 digits needed; month codes changed with the decade; ignore leading letters as in FD687400341 = July 2006). From 2010 the date is printed on the rating plate. Newer serials like 8370-853-000213-7736502725 do not follow this rule."
Stiebel Eltron,Stiebel Eltron,Tempra,tankless water heater;heat pump water heater,,present,^\d+-(?P<yl>\d{2})\d{2}-\d+$,"letter:75=2000,76=2001,77=2002,78=2003,79=2004,80=2005,81=2006,82=2007,83=2008,84=2009,85=2010,86=2011,87=2012,88=2013,89=2014,90=2015,91=2016,92=2017,93=2018,94=2019,95=2020,96=2021,97=2022,98=2023,99=2024,00=2025,01=2026",none,123456-8965-000123,"2014 (week 40, not decoded)",https://www.howtolookatahouse.com/Blog/Entries/2018/7/how-can-i-determine-the-age-of-a-stiebel-eltron-water-heater-from-the-serial-number.html,Low,"Decode (week not machine-decodable, year via lookup table covering 2000-2026): Middle 4-digit group: first two digits + 25 = last two digits of year (mod 100, so 89 -> 14 = 2014); Middle 4-digit group: second two digits - 25 = week of year. Constructed example; the source shows the serial only in a photo, and the overall serial layout (group lengths) is assumed. era_start unknown. Single third-party source; the +25/-25 offset rule is unusual, verify with Stiebel Eltron."
Eccotemp,Eccotemp,,tankless water heater,,present,"^(?:ECC)?(?P<yy>\d{2})(?P<mm>1[0-2]|[1-9])\d{4,6}$",yy,mm,ECC20290387,Feb 2020,https://www.howtolookatahouse.com/Blog/Entries/2021/4/how-do-i-tell-the-age-of-a-eccotemp-tankless-water-heater-from-the-serial-number.html,Low,Decode: Digits 1-2 (after any ECC prefix) = last two digits of year; Digit 3 = month for Jan-Sep (1-9); digits 3-4 = month for Oct-Dec (10-12). era_start unknown. A serial with digit 3 = 1 is ambiguous between January and October-December; the regex prefers 10-12. Single source.
Vaughn,Vaughn Thermal,,tank water heater;indirect water heater,1986,1986,^(?P<mm>0[1-9]|1[0-2])(?P<yy>\d{2})\d{5}[A-Z]?$,yy,mm,098600840,Sep 1986,https://forum.nachi.org/t/age-of-a-vaughn-manufactured-water-heater/15972,Low,"Decode: Digits 3-4 = last two digits of year; Digits 1-2 = month (01-12), probable. Only one decoded example: the poster confirmed with Vaughn that 098600840 was built in 1986; the month reading is a forum guess. https://www.building-center.org/vaughn-water-heater-age/ highlights the first four digits (0986) as the date on 098600840P but gives no rule. Era is that single example; do not generalise without checking."
Takagi,Takagi (A.O. Smith),,tankless water heater,,2009,,none,none,,,https://building-center.org/takagi-water-heater-age/,Medium,No date code before 2010: serials were sequential (e.g. 33001941). Use ANSI/CSA revision year on the plate or call Takagi. Second source: https://www.howtolookatahouse.com/Blog/Entries/2018/6/how-can-i-tell-the-age-of-a-takagi-water-heater-from-the-serial-number.html
Giant,Giant Factories (Canada),,tank water heater,,present,,none,none,,,https://www.cpsc.gov/Recalls/2015/Giant-Factories-Recalls-Water-Heaters-Due-to-Risk-of-Fire-Explosion,Low,No published serial date code: the nameplate near the gas valve carries a separate date of manufacture field; serials look sequential (e.g. A7120387). building-center shows A2525439 with a separate date stamp: https://www.building-center.org/giant-water-heater-age/
Seisco,Seisco / Microtherm,,tankless water heater;electric water heater,,2017,,none,none,,,https://building-center.org/seisco-water-heater-age/,Low,Year is not decodable from the serial (e.g. A60236471). Units branded Microtherm predate January 2008 (Microtherm liquidated 31 Dec 2007); Seisco-only branding means 2008-2017.
Eemax,Eemax,,tankless water heater;electric water heater,,present,,none,none,,,https://www.building-center.org/eemax/,Low,building-center says the year is not coded in the serial (e.g. 112550144) and some units carry a separate date code label where digits 3-4 are the year. Conflicts with https://www.howtolookatahouse.com/Blog/Entries/2019/6/how-can-i-tell-the-age-of-an-eemax-tankless-water-heater-from-the-serial-number.html (first two digits = year); not encoded as a rule until confirmed.
Titan,Titan (Tiny Titan),,tankless water heater;electric water heater,,present,,none,none,,,https://www.building-center.org/titan-water-heater-age/,Low,"Date is on a separate date-of-manufacture tag (e.g. 06-28-10). building-center shows a possible YYWW serial (1207N4018291) but marks it unconfirmed, so no rule."
Copeland,Copeland (formerly Emerson Climate Technologies),Emerson Copeland,scroll compressor;semi-hermetic compressor;hermetic compressor;condensing unit,,present,"^(?P<yy>[0-9]{2})(?P<ml>[A-L])[0-9A-Z]{5,6}$",yy,letters:ABCDEFGHIJKL,01D1020HL,April 2001,https://copeland.custhelp.com/app/answers/detail/a_id/4983/~/determine-compressors-date-of-manufacture-using-the-serial-number,High,"Decode: chars 1-2 = last two digits of year; char 3 = month letter A=Jan, B=Feb ... I=Sep, J=Oct, K=Nov, L=Dec (I is used). Serial is 8 or 9 characters. An N in place of the first year digit means sold without warranty or salvage value (decade then unknown; not matched by this pattern). Example serial quoted by https://www.electrical-forensics.com/HVAC/HVAC_CompressorDateCodes.html (ZR40KC, SN 01D1020HL = April 2001). Era start unknown: the manufacturer page does not say when the format began or document older formats; two-digit year is ambiguous across centuries"
Tecumseh,Tecumseh Products Company,,hermetic compressor;condensing unit,,,^(?P<ml>[A-L])(?P<dd>[0-3][0-9])(?P<yy>[0-9]{2})$,yy,letters:ABCDEFGHIJKL,H2995,"August 29, 1995",https://www.electrical-forensics.com/HVAC/HVAC_CompressorDateCodes.html,Medium,"Decode: first letter = month (A=Jan ... L=Dec); next two digits = day of month; last two digits = year. This is the separate date code stamped on the compressor, not the full serial. Second source: https://www.building-center.org/tecumseh-hvac-age/ (Unit Date B0613: year from the last two digits; leading letter assumed but not confirmed to be month). Era dates unknown"
Bristol,Bristol Compressors (Johnson Controls; closed 2018),,reciprocating compressor,,2018,^(?P<doy>[0-3][0-9]{2})(?P<yy>[0-9]{2})[0-9][0-9]{5}(-[A-Z])?$,yy,doy,19597011199-S,Day 195 of 1997 (July 14 1997),https://www.electrical-forensics.com/HVAC/HVAC_CompressorDateCodes.html,Low,Decode: digits 1-3 = Julian day of year; digits 4-5 = year; digit 6 = plant (0 or 2 = Bristol); digits 7-11 = sequence in week. Source text says 'Digits 3-4: Year' but its own example only works with digits 4-5 as year; decoded accordingly. Era start unknown
Scroll Technologies,"Bristol / Danfoss (Scroll Technologies, Arkadelphia AR)",Danfoss Scroll Technologies,scroll compressor,,,^S(?P<ww>[0-5][0-9])(?P<yy>[0-9]{2})[A-Z][0-9]{5}$,yy,ww,S3497K05252,week 34 1997 (Aug 1997),https://www.electrical-forensics.com/HVAC/HVAC_CompressorDateCodes.html,Low,Decode: digit 1 = S; digits 2-3 = week; digits 4-5 = year; digit 6 = state (K = Arkansas); digits 7-11 = sequence. Era dates unknown
Traulsen,ITW Food Equipment Group,,reach-in refrigerator;reach-in freezer;blast chiller,,,^T[0-9]{5}(?P<ml>[A-L])(?P<yy>[0-9]{2})$,yy,letters:ABCDEFGHIJKL,T12345C98,March 1998,https://www.partstown.com/cm/resource-center/guides/gd2/how-to-find-and-read-a-traulsen-serial-number,Low,"Decode: T + 5 digits + month letter (A=Jan, B=Feb ... L=Dec) + last two digits of year. Constructed example from the source template T00000A00. Older of the two formats; the source does not give the years each format was used"
Traulsen,ITW Food Equipment Group,,reach-in refrigerator;reach-in freezer;blast chiller,,present,^(?P<yy>[0-9]{2})(?P<ml>[A-L])[0-9]{6}$,yy,letters:ABCDEFGHIJKL,17A000123,January 2017,https://www.partstown.com/cm/resource-center/guides/gd2/how-to-find-and-read-a-traulsen-serial-number,Low,Decode: chars 1-2 = year; char 3 = month letter (A=Jan ... L=Dec); last six = unit number. Constructed example from the source template 17A000000. Start year of this format not given
Blodgett,Middleby,,convection oven;deck oven;combi oven,,present,^(?P<mm>0[1-9]|1[0-2])(?P<dd>[0-3][0-9])(?P<yy>[0-9]{2})[0-9A-Z]*$,yy,mm,010816123,"January 8, 2016",https://www.partstown.com/cm/resource-center/guides/gd2/how-to-find-read-a-blodgett-serial-number,Low,"Decode: serial starts with MMDDYY date code (month, day, two-digit year). Constructed example: source gives only the date code 010816 at the start of the serial; trailing digits illustrative. Era dates unknown"
Pitco,Middleby,,fryer,,present,^[GEF](?P<yy>[0-9]{2})(?P<ml>[A-HJ-M])[0-9A-Z]+$,yy,letters:ABCDEFGHJKLM,G11E012345,May 2011,https://www.partstown.com/cm/resource-center/guides/gd2/how-to-find-read-a-pitco-serial-number,Low,"Decode: after the fryer code letter (G gas, E electric, F) come two year digits, then a month letter A=Jan, B=Feb, C=Mar, D=Apr, E=May, F=Jun, G=Jul, H=Aug, J=Sep, K=Oct, L=Nov, M=Dec (I skipped). Constructed example; source gives no full serial or era dates"
Scotsman,Ali Group,,ice machine,1976,1995,"^[0-9]{5,7}-?(?P<mcode>0[1-9]|1[0-2])(?P<yl>[A-HJ-NP-Z])$","letter:B=1975,Q=1976,C=1977,R=1978,D=1979,S=1980,E=1981,T=1982,F=1983,U=1984,G=1985,V=1986,H=1987,W=1988,J=1989,X=1990,K=1991,Y=1992,L=1993,Z=1994,M=1995,N=1972,A=1973,P=1974",none,123456-07H,1987,https://www.partstown.com/cm/resource-center/guides/gd2/how-to-read-a-scotsman-serial-number,Low,"Decode: last three characters = two-digit month code + year letter. Month codes are offset: 07=Jan, 08=Feb, 09=Mar, 10=Apr, 11=May, 12=Jun, 01=Jul, 02=Aug, 03=Sep, 04=Oct, 05=Nov, 06=Dec (the decoder cannot apply this offset, so month_or_week_rule is none); year letter: 1972 N, 1973 A, 1974 P, 1975 B, 1976 Q, 1977 C, 1978 R, 1979 D, 1980 S, 1981 E, 1982 T, 1983 F, 1984 U, 1985 G, 1986 V, 1987 H, 1988 W, 1989 J, 1990 X, 1991 K, 1992 Y, 1993 L, 1994 Z, 1995 M. Constructed example (07H = January 1987 by the source's tables). Split at 1995 because the source's letter table does not follow a regular cycle after 1995 (see 1996-2004 row). Month code starting at July suggests a fiscal-year calendar"
Scotsman,Ali Group,,ice machine,1996,2004,"^[0-9]{5,7}-?(?P<mcode>0[1-9]|1[0-2])(?P<yl>[A-HJ-NP-Z])$","letter:A=1996,N=1997,B=1998,P=1999,C=2000,R=2001,D=2002,S=2003,E=2004",none,123456-09D,2002,https://www.partstown.com/cm/resource-center/guides/gd2/how-to-read-a-scotsman-serial-number,Low,"Decode: last three characters = two-digit month code + year letter. Month codes are offset: 07=Jan, 08=Feb, 09=Mar, 10=Apr, 11=May, 12=Jun, 01=Jul, 02=Aug, 03=Sep, 04=Oct, 05=Nov, 06=Dec (the decoder cannot apply this offset, so month_or_week_rule is none); year letter: 1996 A, 1997 N, 1998 B, 1999 P, 2000 C, 2001 R, 2002 D, 2003 S, 2004 E. Used through May 2004. Source's own example 123456-09D = March 2002. The same letters meant different years in 1972-1995 (e.g. D = 1979), so a letter can map to two years; use equipment style. The source table swaps pairs relative to a 24-letter cycle, which may be a source error"
Scotsman,Ali Group,,ice machine,2004,present,^(?P<yy>[0-9]{2})(?P<mm>0[1-9]|1[0-2])[0-9]{4}[0-9]{6}$,yy,mm,07111320123456,November 2007,https://www.partstown.com/cm/resource-center/guides/gd2/how-to-read-a-scotsman-serial-number,Low,Decode: chars 1-2 = year; chars 3-4 = month; chars 5-8 = manufacturing site ID. Format used after May 2004. Source's own example 0711 1320 123456
Nor-Lake,Standex,Norlake,walk-in cooler;walk-in freezer;reach-in refrigerator,,present,^(?P<yy>[0-9]{2})(?P<mm>0[1-9]|1[0-2])[0-9A-Z]{4}$,yy,mm,09011234,January 2009,https://www.partstown.com/cm/resource-center/guides/gd2/norlake-serial-number-lookup,Low,"Decode: 8-character serial, first four = YYMM. Constructed example from the source's 0901 = January 2009. Era dates unknown"
Cleveland,Welbilt (Ali Group),Cleveland Range,steam kettle;tilting skillet;steamer,,2008,"^[A-Z]{2}-[0-9]{4,5}-(?P<yy>[0-9]{2})(?P<ml>[A-L])-[0-9]{2}$",yy,letters:ABCDEFGHIJKL,WC-1234-95B-01,February 1995,https://www.partstown.com/cm/resource-center/guides/gd2/cleveland-serial-number-lookup,Low,Decode: third block = two-digit year + month letter (A=Jan ... L=Dec). Used before December 2008; start year unknown. Example is the source's illustrative serial
Cleveland,Welbilt (Ali Group),Cleveland Range,steam kettle;tilting skillet;steamer,2008,present,^(?P<yy>[0-9]{2})(?P<mm>0[1-9]|1[0-2])-?[0-9]{4}-?[0-9]{5}$,yy,mm,1109-1234-12345,September 2011,https://www.partstown.com/cm/resource-center/guides/gd2/cleveland-serial-number-lookup,Low,Decode: chars 1-2 = year; chars 3-4 = month; next four = location; last five = unit number. 13-digit format used after December 2008. Constructed example from source template 1109-XXXX-XXXXX
Manitowoc Ice,Welbilt (Ali Group),Manitowoc,ice machine,,2006,"^(?P<yy>[0-9]{2})(?P<mm>0[1-9]|1[0-2])[0-9]{5,6}$",yy,mm,050164303,January 2005,https://www.icemachineclearance.com/blog/manitowoc-ice-machine-serial-numbers/,Medium,"Decode: first four digits = YYMM, then sequence. Pre-2006 serials. Example quoted by source. Second source: https://www.easyice.com/how-to-read-a-manitowoc-serial-number. Start year unknown"
Manitowoc Ice,Welbilt (Ali Group),Manitowoc,ice machine,2006,present,^(MF|MFG)DT(?P<yy>[0-9]{2})(?P<mm>0[1-9]|1[0-2])$,yy,mm,MFGDT1809,September 2018,https://www.icemachineclearance.com/blog/manitowoc-ice-machine-serial-numbers/,Medium,"Decode: MF DT / MFG DT box on the data plate: first two digits = year, next two = month. From 2006 the serial is sequential with no date; this pattern matches the MFG DT field (spaces removed), not the serial. Second source: https://www.easyice.com/how-to-read-a-manitowoc-serial-number (MFG DT 1809 = September 2018)"
Ice-O-Matic,Ali Group (formerly Mile High Equipment),IceOMatic,ice machine;ice dispenser,1990,1999,^(?P<ml>[MNPQRSTUVWYZ])(?P<y>[0-9])[0-9A-Z]{2}-?[0-9A-Z]{5}-?[A-Z]$,y,letters:MNPQRSTUVWYZ,M7XX-XXXXX-Z,January 1997,https://s1.img-b.com/build.com/mediabase/specifications/ice-o-matic/1301150/ice-o-matic-iceu300ha-use-and-care.pdf,High,"Decode: first letter = month and decade (M=Jan, N=Feb, P=Mar, Q=Apr, R=May, S=Jun, T=Jul, U=Aug, V=Sep, W=Oct, Y=Nov, Z=Dec for 1990-1999; O and X not used); first digit = last digit of year. Manufacturer ICE Series service manual, Serial Number Date Code table. Constructed example following the manual's A0XX-XXXXX-Z template"
Ice-O-Matic,Ali Group (formerly Mile High Equipment),IceOMatic,ice machine;ice dispenser,2000,2004,^(?P<ml>[A-L])(?P<y>[0-4])[0-9A-Z]{2}-?[0-9A-Z]{5}-?[A-Z]$,y,letters:ABCDEFGHIJKL,A1XX-XXXXX-Z,January 2001,https://s1.img-b.com/build.com/mediabase/specifications/ice-o-matic/1301150/ice-o-matic-iceu300ha-use-and-care.pdf,High,"Decode: first letter = month (A=Jan ... I=Sep, J=Oct, K=Nov, L=Dec for 2000-2004); first digit = last digit of year. Manufacturer ICE Series service manual; example quoted. Replaced during 2004 by the numeric YYMM format"
Ice-O-Matic,Ali Group (formerly Mile High Equipment),IceOMatic,ice machine;ice dispenser,2004,present,^(?P<yy>[0-9]{2})(?P<mm>0[1-9]|1[0-2])1280[0-9]{6}$,yy,mm,04071280010077,July 2004,https://www.manualslib.com/manual/1427600/Ice-O-Matic-Ice2107r.html?page=5,High,"Decode: 14 digits: YYMM date code, 1280 Ice-O-Matic identifier, 6-digit sequence. Manufacturer installation manual (ICE2107R); example 0407 1280 010077. Same text in https://pics.acitydiscount.com/specs/iceOwnersManual.pdf"
Beverage-Air,Ali Group (formerly Carrier Commercial Refrigeration),Bev Air;Beverage Air,reach-in refrigerator;back bar cooler;bottle cooler;undercounter refrigerator,2005,2014,^(?P<y>[0-9])(?P<mm>0[1-9]|1[0-2])[A-Z]{4}[0-9]{5}$,y,mm,803KAKN00192,March 2008,https://www.shupecarboni.com/storage/app/uploads/public/602/a16/e4c/602a16e4c1cbd159737713.pdf,Low,Decode: char 1 = last digit of year; chars 2-3 = month. Format for 2014 and earlier: 3 digits + 4 letters + 5 digits. Examples quoted (803KAKN00192 = March 2008; 401KAQJ00007 = January 2014). era_start 2005 is an assumption from the one-digit year; true start unknown. Document is hosted by a sales rep and found via a Beverage-Air search; the PDF text does not itself name the brand
Beverage-Air,Ali Group (formerly Carrier Commercial Refrigeration),Bev Air;Beverage Air,reach-in refrigerator;back bar cooler;bottle cooler;undercounter refrigerator,2015,present,^(?P<y>[0-9])(?P<mm>0[1-9]|1[0-2])[A-Z0-9]{9}$,y,mm,507KCDG0M514,July 2015 or July 2025,https://www.shupecarboni.com/storage/app/uploads/public/602/a16/e4c/602a16e4c1cbd159737713.pdf,Low,Decode: char 1 = last digit of year; chars 2-3 = month. Format for 2015 and later: 3 digits + 9 mixed characters. Example quoted (July 2015). Single-digit year repeats every decade. Same brand caveat as the pre-2015 row
Master-Bilt,Standex,Masterbilt,walk-in cooler;walk-in freezer;reach-in refrigerator;display freezer,,present,^(?P<yy>[0-9]{2})(?P<mm>0[1-9]|1[0-2])[0-9]{4}$,yy,mm,19062547,June 2019,https://master-bilt.com/warranty/,High,"Decode: 8 digits: chars 1-2 = year, chars 3-4 = month, then sequence. Manufacturer warranty page: 'Most serial numbers are 8 digits, all numeric, starting with the year and followed by the month'. Constructed example. Era start unknown"
Hussmann,Panasonic,,display case;refrigerated merchandiser;walk-in cooler,,present,^104(?P<mm>0[1-9]|1[0-2])(?P<dd>[0-3][0-9])(?P<yyyy>(19|20)[0-9]{2})[0-9]{5}$,yyyy,mm,1040315201212345,March 15 2012 (ship date),https://www.partstown.com/cm/resource-center/guides/gd2/hussmann-serial-number-lookup,Low,"Decode: Suwanee plant: 104 + MMDDYYYY ship date + 5 digits. Date is the ship date, not manufacture. Constructed example from source template 104MMDDYYYY##### (16 characters). Monterrey format MY##X###### contains year and month codes but no public decode found; Bridgeton P######### and Krack ######-###-### have no date"
Hussmann,Panasonic,,display case;refrigerated merchandiser,,present,^103(?P<mm>0[1-9]|1[0-2])(?P<dd>[0-3][0-9])(?P<yyyy>(19|20)[0-9]{2})[0-9]{5}$,yyyy,mm,1031102201812345,November 2 2018 (ship date),https://www.partstown.com/cm/resource-center/guides/gd2/hussmann-serial-number-lookup,Low,Decode: Chino plant: 103 + MMDDYYYY ship date + 5 digits. Date is the ship date. Constructed example from template 103MMDDYYYY#####
Square D,Schneider Electric,,circuit breaker;load center;panelboard;safety switch;distribution equipment,1966,1996,^(?P<ml>[A-HJ-M])(?P<dd>[0-3]?[0-9])?(?P<yl>[A-HJ-NPR-X])(?P<op>[0-9]{3})?(?P<shift>[0-9])?$,"letter:A=1950,B=1951,C=1952,D=1953,E=1954,F=1955,G=1956,H=1957,J=1958,K=1959,L=1960,M=1961,N=1962,P=1963,R=1964,S=1965,T=1966,U=1967,V=1968,W=1969,X=1970;cycle=21",letters:ABCDEFGHJKLM,H25W0652,August 25 1969 or August 25 1990,https://download.se.com/files?p_Doc_Ref=0110PD9201,High,"Decode: month letter A=Jan ... H=Aug, J=Sep, K=Oct, L=Nov, M=Dec (I skipped); optional day of month (1-2 digits); year letter on a 21-year cycle (I, O, Q not used): A=1950/1971/1992/2013, B=1951/1972/1993/2014 ... N=1962/1983/2004/2025, P=1963/1984/2005/2026, R=1964/1985/2006, S=1965/1986/2007, T=1966/1987/2008, U=1967/1988/2009, V=1968/1989/2010, W=1969/1990/2011, X=1970/1991/2012; optional 3-digit operator and 1-digit shift. Manufacturer data bulletin 0110PD9201. Variants: BA (month+year), B20A (month+day+year), B20A2 (+shift). Adopted 1956 and used on all distribution equipment and breakers until June 1994 (new code from August 1996); still used on standard QO/Homeline (separate row). Before September 1965 September-December were I, J, K, L and I, O, Q, Y, Z were year letters, so era_start is set to 1966. Constructed example from the bulletin's H 25 W 065 2 diagram"
Square D,Schneider Electric,,QO circuit breaker;Homeline circuit breaker,1966,present,^(?P<ml>[A-HJ-M])(?P<yl>[A-HJ-NPR-X])$,"letter:A=1950,B=1951,C=1952,D=1953,E=1954,F=1955,G=1956,H=1957,J=1958,K=1959,L=1960,M=1961,N=1962,P=1963,R=1964,S=1965,T=1966,U=1967,V=1968,W=1969,X=1970;cycle=21",letters:ABCDEFGHJKLM,LW,"November 1969, 1990 or 2011",https://www.se.com/us/en/faqs/FA125241,High,"Decode: two letters stamped in red ink on the end label: month letter A=Jan ... H=Aug, J=Sep, K=Oct, L=Nov, M=Dec (I skipped); year letter on a 21-year cycle (I, O, Q not used): A=1950/1971/1992/2013, B=1951/1972/1993/2014 ... N=1962/1983/2004/2025, P=1963/1984/2005/2026, R=1964/1985/2006, S=1965/1986/2007, T=1966/1987/2008, U=1967/1988/2009, V=1968/1989/2010, W=1969/1990/2011, X=1970/1991/2012. Schneider FAQ FA125241 (example LW = November 1969 or 1990; the 21-year cycle also gives 2011). Letter table from bulletin https://download.se.com/files?p_Doc_Ref=0110PD9201"
Square D,Schneider Electric,,molded case circuit breaker;panelboard;load center;QO/HOM AFCI/GFCI breaker;enclosure,1996,present,^(?P<yy>[0-9]{2})(?P<ww>0[1-9]|[1-4][0-9]|5[0-3])(?P<wd>[1-7])?(?P<shift>[0-9H])?$,yy,ww,97171,"week 17 1997 (Apr 1997, Monday)",https://download.se.com/files?p_Doc_Ref=0110PD9201,High,"Decode: chars 1-2 = year; chars 3-4 = week; optional char 5 = day of week (1=Monday ... 7=Sunday); optional char 6 = shift (dual-function breakers used H until January 1 2017). Implemented first week of August 1996. Example 97171 from Schneider FAQ FA125869 (NQOD/NQ/NF/I-Line panels); bulletin examples 18071 = February 12 2018 and 0825 (HOM CAFI, no day digit)"
Cutler-Hammer,Eaton,Eaton;Westinghouse,load center;circuit breaker,1980,1989,^[A-Z0-9](?P<y>[0-9])(?P<ww>[0-5][0-9])\+$,y,ww,A507+,week 7 1985 (Feb 1985),https://www.howtolookatahouse.com/Blog/Entries/2021/3/how-do-i-determine-the-age-of-a-cutler-hammer-electrical-panel.html,Medium,"Decode: char 1 = plant; char 2 = year within decade; chars 3-4 = week; char 5 = decade symbol (+ = 1980s). Five-character code at the bottom of the load center data sticker; decade symbols + = 1980s, = = 1990s, & = 2000s, ! = 2010s, @ = 2020s (then # 2030s, $ 2040s). One row per decade symbol so the decoder applies the decade. Second source: https://forum.nachi.org/t/ge-powermark-panels-with-cuttler-hammer-style-date-codes/231019 (same table and example; also reports GE PowerMark panels carrying this code). Constructed example"
Cutler-Hammer,Eaton,Eaton;Westinghouse,load center;circuit breaker,1990,1999,^[A-Z0-9](?P<y>[0-9])(?P<ww>[0-5][0-9])=$,y,ww,B312=,week 12 1993 (Mar 1993),https://www.howtolookatahouse.com/Blog/Entries/2021/3/how-do-i-determine-the-age-of-a-cutler-hammer-electrical-panel.html,Medium,"Decode: char 1 = plant; char 2 = year within decade; chars 3-4 = week; char 5 = decade symbol (= = 1990s). Five-character code at the bottom of the load center data sticker; decade symbols + = 1980s, = = 1990s, & = 2000s, ! = 2010s, @ = 2020s (then # 2030s, $ 2040s). One row per decade symbol so the decoder applies the decade. Second source: https://forum.nachi.org/t/ge-powermark-panels-with-cuttler-hammer-style-date-codes/231019 (same table and example; also reports GE PowerMark panels carrying this code). Constructed example"
Cutler-Hammer,Eaton,Eaton;Westinghouse,load center;circuit breaker,2000,2009,^[A-Z0-9](?P<y>[0-9])(?P<ww>[0-5][0-9])\&$,y,ww,F251&,week 51 2002 (Dec 2002),https://www.howtolookatahouse.com/Blog/Entries/2021/3/how-do-i-determine-the-age-of-a-cutler-hammer-electrical-panel.html,Medium,"Decode: char 1 = plant; char 2 = year within decade; chars 3-4 = week; char 5 = decade symbol (& = 2000s). Five-character code at the bottom of the load center data sticker; decade symbols + = 1980s, = = 1990s, & = 2000s, ! = 2010s, @ = 2020s (then # 2030s, $ 2040s). One row per decade symbol so the decoder applies the decade. Second source: https://forum.nachi.org/t/ge-powermark-panels-with-cuttler-hammer-style-date-codes/231019 (same table and example; also reports GE PowerMark panels carrying this code)"
Cutler-Hammer,Eaton,Eaton;Westinghouse,load center;circuit breaker,2010,2019,^[A-Z0-9](?P<y>[0-9])(?P<ww>[0-5][0-9])!$,y,ww,C614!,week 14 2016 (Apr 2016),https://www.howtolookatahouse.com/Blog/Entries/2021/3/how-do-i-determine-the-age-of-a-cutler-hammer-electrical-panel.html,Medium,"Decode: char 1 = plant; char 2 = year within decade; chars 3-4 = week; char 5 = decade symbol (! = 2010s). Five-character code at the bottom of the load center data sticker; decade symbols + = 1980s, = = 1990s, & = 2000s, ! = 2010s, @ = 2020s (then # 2030s, $ 2040s). One row per decade symbol so the decoder applies the decade. Second source: https://forum.nachi.org/t/ge-powermark-panels-with-cuttler-hammer-style-date-codes/231019 (same table and example; also reports GE PowerMark panels carrying this code). Constructed example"
Cutler-Hammer,Eaton,Eaton;Westinghouse,load center;circuit breaker,2020,2029,^[A-Z0-9](?P<y>[0-9])(?P<ww>[0-5][0-9])@$,y,ww,D105@,week 5 2021 (Feb 2021),https://www.howtolookatahouse.com/Blog/Entries/2021/3/how-do-i-determine-the-age-of-a-cutler-hammer-electrical-panel.html,Medium,"Decode: char 1 = plant; char 2 = year within decade; chars 3-4 = week; char 5 = decade symbol (@ = 2020s). Five-character code at the bottom of the load center data sticker; decade symbols + = 1980s, = = 1990s, & = 2000s, ! = 2010s, @ = 2020s (then # 2030s, $ 2040s). One row per decade symbol so the decoder applies the decade. Second source: https://forum.nachi.org/t/ge-powermark-panels-with-cuttler-hammer-style-date-codes/231019 (same table and example; also reports GE PowerMark panels carrying this code). Constructed example"
I-T-E,Siemens (Gould ITE 1976-1983),ITE;ITE Gould;Gould,load center;panelboard,,1990,^(?P<ml>[A-HJ-M])(?P<dd>[0-3][0-9])(?P<yy>[0-9]{2})$,yy,letters:ABCDEFGHJKLM,B2685,February 26 1985,https://www.howtolookatahouse.com/Blog/Entries/2021/3/how-do-i-determine-the-age-of-an-i-t-e-electrical-panel.html,Low,"Decode: letter = month (A=Jan ... H=Aug, J=Sep, K=Oct, L=Nov, M=Dec); digits 2-3 = day; last two = year. Stamped on the wiring diagram label inside the door. Siemens bought Gould ITE in 1983 and moved to its own date system over the next few years with overlap, so era_end is approximate and start is unknown. Later Siemens load centers have the date stamped in ink on the back of the box; no coded format found"
GE (load centers),ABB (GE Industrial Solutions),General Electric,load center;panelboard,1976,present,^(?P<m1>[A-Z])(?P<yl>[ADFGHLMRSTVZ])[0-9]{6}$,"letter:Z=1976,A=1977,D=1978,F=1979,G=1980,H=1981,L=1982,M=1983,R=1984,S=1985,T=1986,V=1987;cycle=12",none,MR123456,"1984, 1996, 2008 or 2020",https://www.howtolookatahouse.com/Blog/Entries/2021/3/how-do-i-determine-the-age-of-a-ge-electrical-panel.html,Low,"Decode: two letters then six digits; second letter = year on a 12-year cycle (A=1977/1989/2001/2013, D=1978/1990/2002/2014, F=1979/1991/2003/2015, G=1980/1992/2004/2016, H=1981/1993/2005/2017, L=1982/1994/2006/2018, M=1983/1995/2007/2019, R=1984/1996/2008/2020, S=1985/1997/2009/2021, T=1986/1998/2010, V=1987/1999/2011, Z=1976/1988/2000/2012); first letter not defined by the source. GE appliances use the same letter set for months (A=Jan, D=Feb, F=Mar, G=Apr, H=May, L=Jun, M=Jul, R=Aug, S=Sep, T=Oct, V=Nov, Z=Dec) per https://www.electrical-forensics.com/MajorAppliances/GeDateCodes.html, unconfirmed for load centers. Source table has typos (S=1984, 1972 twice); the regular cycle is used. 1961-1968 used three leading letters with letters 2-3 = year (VU=1961, WV=1962, XW=1963, YX=1964, AY=1965, BZ=1966, CA=1967, DB=1968). Constructed example"
Baldor,ABB (Baldor-Reliance),Baldor-Reliance;Dodge,AC motor;DC motor;grinder,1966,1974,^(?P<ml>[A-HJ-M])(?P<yl>[R-Z])$,"letter:R=1966,S=1967,T=1968,U=1969,V=1970,W=1971,X=1972,Y=1973,Z=1974",letters:ABCDEFGHJKLM,CU,March 1969,https://www.pooleyinc.com/wp-content/uploads/Baldor-Dodge-Mfr-Date-Code-Chart.pdf,High,"Decode: two letters: month A=Jan ... H=Aug, J=Sep, K=Oct, L=Nov, M=Dec; year R=1966 ... Z=1974. Baldor-Dodge Manufactured Date Code Chart BEC-330 (10/15), hosted by distributor Pooley. Letter pairs repeat across eras (AR = Jan 1966 and Jan 2013), so a code matches two rows; use equipment style to pick"
Baldor,ABB (Baldor-Reliance),Baldor-Reliance;Dodge,AC motor;DC motor;grinder,1975,1997,^(?P<ml>[NP-Z])(?P<yl>[A-HJ-NP-UW-Z])$,"letter:A=1975,B=1976,C=1977,D=1978,E=1979,F=1980,G=1981,H=1982,J=1983,K=1984,L=1985,M=1986,N=1987,P=1988,Q=1989,R=1990,S=1991,T=1992,U=1993,W=1994,X=1995,Y=1996,Z=1997",letters:NPQRSTUVWXYZ,RK,April 1984,https://www.pooleyinc.com/wp-content/uploads/Baldor-Dodge-Mfr-Date-Code-Chart.pdf,High,"Decode: two letters: month N=Jan, P=Feb, Q=Mar, R=Apr, S=May, T=Jun, U=Jul, V=Aug, W=Sep, X=Oct, Y=Nov, Z=Dec; year A=1975 ... H=1982, J=1983 ... N=1987, P=1988 ... U=1993, W=1994, X=1995, Y=1996, Z=1997 (I, O, V not used). Baldor-Dodge Manufactured Date Code Chart BEC-330 (10/15), hosted by distributor Pooley. Letter pairs repeat across eras (AR = Jan 1966 and Jan 2013), so a code matches two rows; use equipment style to pick"
Baldor,ABB (Baldor-Reliance),Baldor-Reliance;Dodge,AC motor;DC motor;grinder,1998,2020,^(?P<ml>[A-HJ-M])(?P<yl>[A-HJ-NP-UW-Z])$,"letter:A=1998,B=1999,C=2000,D=2001,E=2002,F=2003,G=2004,H=2005,J=2006,K=2007,L=2008,M=2009,N=2010,P=2011,Q=2012,R=2013,S=2014,T=2015,U=2016,W=2017,X=2018,Y=2019,Z=2020",letters:ABCDEFGHJKLM,FL,June 2008,https://www.pooleyinc.com/wp-content/uploads/Baldor-Dodge-Mfr-Date-Code-Chart.pdf,High,"Decode: two letters: month A=Jan ... M=Dec (I skipped); year A=1998, B=1999, C=2000 ... H=2005, J=2006 ... N=2010, P=2011 ... U=2016, W=2017, X=2018, Y=2019, Z=2020. Baldor-Dodge Manufactured Date Code Chart BEC-330 (10/15), hosted by distributor Pooley. Letter pairs repeat across eras (AR = Jan 1966 and Jan 2013), so a code matches two rows; use equipment style to pick"
Baldor,ABB (Baldor-Reliance),Baldor-Reliance;Dodge,AC motor;DC motor;grinder,2021,2027,^(?P<ml>[NP-Z])(?P<yl>[A-G])$,"letter:A=2021,B=2022,C=2023,D=2024,E=2025,F=2026,G=2027",letters:NPQRSTUVWXYZ,SD,May 2024,https://www.pooleyinc.com/wp-content/uploads/Baldor-Dodge-Mfr-Date-Code-Chart.pdf,High,"Decode: two letters: month N=Jan, P=Feb ... Z=Dec; year A=2021, B=2022, C=2023, D=2024, E=2025, F=2026, G=2027. Baldor-Dodge Manufactured Date Code Chart BEC-330 (10/15), hosted by distributor Pooley. Letter pairs repeat across eras (AR = Jan 1966 and Jan 2013), so a code matches two rows; use equipment style to pick"
Century,Regal Rexnord (formerly A.O. Smith Electrical Products),A.O. Smith;AO Smith;Indiana General;Louis Allis,fractional motor;pool pump motor;fan motor,1992,2010,^(?P<yl>[BC][A-Z])(?P<mm>1[0-2]|[1-9])$,"letter:BK=1992,BL=1993,BM=1994,BN=1995,BP=1996,BR=1997,BS=1998,BT=1999,BU=2000,BW=2001,BX=2002,BY=2003,BZ=2004,CA=2005,CB=2006,CC=2007,CD=2008,CE=2009,CF=2010",mm,BM6,June 1994,https://images.inyopools.com/cloud/documents/warranty-and-motor-date-codes-century.pdf,High,"Decode: two-letter year code then month number 1-12: BK=1992, BL=1993, BM=1994, BN=1995, BP=1996, BR=1997, BS=1998, BT=1999, BU=2000, BW=2001, BX=2002, BY=2003, BZ=2004, CA=2005, CB=2006, CC=2007, CD=2008, CE=2009, CF=2010. Century warranty and date code sheet (manufacturer example BA3; BA predates the printed table, which starts 1992). Superseded by the Julian format from August 2006. Constructed example"
Century,Regal Rexnord (formerly A.O. Smith Electrical Products),A.O. Smith;AO Smith,fractional motor;pool pump motor;fan motor,,2006,^[0-9](?P<ml>[A-L])(?P<yy>[0-9]{2})$,yy,letters:ABCDEFGHIJKL,7B99,February 1999,https://images.inyopools.com/cloud/documents/warranty-and-motor-date-codes-century.pdf,High,"Decode: digit 1 = plant; letter = month (A=Jan, B=Feb ... L=Dec); last two digits = year. Century product plant-month-year format; example is the manufacturer's. Superseded by the Julian format from August 2006. Start year unknown"
Universal (Century),Regal Rexnord (formerly A.O. Smith Electrical Products),Universal Electric,fractional motor;fan motor,1988,2009,"^(?P<ww>[1-9]|[1-4][0-9]|5[0-2])(?P<yl>[A-HJ-NP-Z])[0-9]{6,7}[A-Z]$","letter:Z=1988,D=1992,E=1993,F=1994,G=1995,H=1996,J=1997,K=1998,L=1999,M=2000,N=2001,P=2002,R=2003,S=2004,T=2005,U=2006,V=2007,W=2008,X=2009",ww,8Z0275592R,week 8 1988 (Feb 1988),https://images.inyopools.com/cloud/documents/warranty-and-motor-date-codes-century.pdf,High,"Decode: week number (1-52), year letter, factory order number, plant letter (R = Ripley); year Z=1988, D=1992, E=1993, F=1994, G=1995, H=1996, J=1997, K=1998, L=1999, M=2000, N=2001, P=2002, R=2003, S=2004, T=2005, U=2006, V=2007, W=2008, X=2009. Universal product format from the Century date code sheet; example is the manufacturer's (8 Z 0275592 R). 1989-1991 letters not printed. Superseded from August 2006"
Regal (Century / A.O. Smith motors),Regal Rexnord,Century;A.O. Smith;AO Smith;Universal,fractional motor;integral motor;pool pump motor;fan motor,2006,present,^(?P<doy>[0-3][0-9]{2})(?P<yy>[0-9]{2})[0-9A-Z]{2}$,yy,doy,123064M,May 3 2006,https://images.inyopools.com/cloud/documents/warranty-and-motor-date-codes-century.pdf,High,Decode: chars 1-3 = Julian day of year; chars 4-5 = year; chars 6-7 = plant code. Common date code for all Century motors from August 2006 per manufacturer sheet; example is the manufacturer's (plant 4M = Juarez)
Marathon Electric,Regal Rexnord,Marathon,AC motor;fan motor;pump motor,1994,2002,^(?P<yl>[1-9])(?P<prot>[PQSUVWXZ])?(?P<ml>[A-FHJ-N])[0-9][0-9A-Z]+$,"letter:1=1994,2=1995,3=1996,4=1997,5=1998,6=1999,7=2000,8=2001,9=2002",letters:ABCDEFHJKLMN,8QE48A11O787NP,May 2001,https://www.marathongenerators.com/motors/docs/datecode.pdf,High,"Decode: date code prefix before the model number: first character = year, optional protector letter, last letter = month A=Jan, B=Feb, C=Mar, D=Apr, E=May, F=Jun, H=Jul, J=Aug, K=Sep, L=Oct, M=Nov, N=Dec (G, I skipped); protector letters Q, S, U, W = automatic, P, Z, X = manual, V = none; year digit 1=1994 ... 9=2002. Marathon Date Code Chart Form 4638E (rev 2/17/04). Example model number quoted on https://www.marathongenerators.com/motors/DateCode.jsp (8 = 2001, Q = automatic protector, E = May)"
Marathon Electric,Regal Rexnord,Marathon,AC motor;fan motor;pump motor,2003,2024,^(?P<yl>[A-HJ-NPR-Z])(?P<prot>[PQSUVWXZ])?(?P<ml>[A-FHJ-N])[0-9][0-9A-Z]+$,"letter:A=2003,B=2004,C=2005,D=2006,E=2007,F=2008,H=2009,J=2010,K=2011,L=2012,M=2013,N=2014,P=2015,R=2016,S=2017,T=2018,U=2019,V=2020,W=2021,X=2022,Y=2023,Z=2024",letters:ABCDEFHJKLMN,KC56T34F5301,March 2011,https://www.marathongenerators.com/motors/docs/datecode.pdf,High,"Decode: date code prefix before the model number: first character = year, optional protector letter, last letter = month A=Jan, B=Feb, C=Mar, D=Apr, E=May, F=Jun, H=Jul, J=Aug, K=Sep, L=Oct, M=Nov, N=Dec (G, I skipped); protector letters Q, S, U, W = automatic, P, Z, X = manual, V = none; year letter A=2003, B=2004, C=2005, D=2006, E=2007, F=2008, H=2009, J=2010, K=2011, L=2012, M=2013, N=2014, P=2015, R=2016, S=2017, T=2018, U=2019, V=2020, W=2021, X=2022, Y=2023, Z=2024. Marathon chart Form 4638E. Constructed example. Codes after 2024 are not in this chart"
U.S. Motors,Nidec Motor Corporation (Emerson motors until 2010),US Motors;Nidec,integral horsepower motor;pump motor,2009,present,^(?P<yl>[A-HJ-NPR-Z])(?P<mm>0[1-9]|1[0-2])[0-9]{8}-?[0-9]{3}(R|M|GT)?(-[0-9]+)?$,"letter:P=2009,R=2010,S=2011,T=2012,U=2013,V=2014,W=2015,X=2016,Y=2017,Z=2018,A=2019,B=2020,C=2021,D=2022,E=2023,F=2024,G=2025,H=2026,J=2027,K=2028,L=2029,M=2030,N=2031",mm,U0612345678-100R-1,June 2013,https://acim.nidec.com/motors/usmotors/-/media/usmotors/documents/techdocs/service/unitid_datecodes.ashx?la=en,High,"Decode: integral HP unit ID: year letter + 2-digit month + 11-character order number + plant (R = Mena AR, M = Monterrey MX, GT = Southaven); year P=2009, R=2010, S=2011, T=2012, U=2013, V=2014, W=2015, X=2016, Y=2017, Z=2018, A=2019, B=2020, C=2021, D=2022, E=2023, F=2024, G=2025, H=2026 ... N=2031. Constructed example on the manufacturer's sample layout J1212345678-100R-1"
U.S. Motors,Nidec Motor Corporation,US Motors;Nidec,fractional horsepower motor;pool pump motor;fan motor,2010,present,"^(?P<ml>[A-HJ-M])(?P<yy>[0-9]{2})[A-Z]{1,2}$",yy,letters:ABCDEFGHJKLM,A13C,January 2013,https://acim.nidec.com/motors/usmotors/-/media/usmotors/documents/techdocs/service/unitid_datecodes.ashx?la=en,High,"Decode: MFG# date code: month letter (A=Jan ... H=Aug, J=Sep, K=Oct, L=Nov, M=Dec) + two-digit year + plant code (C = CMD MX, MT = Motores MX, KM = KMM China). Example A13C from the US Motors pool/spa warranty sheet https://imperialpoolsb2b.com/Documents/US-Motors-Warranty.pdf (its year table starts at 10 = 2010)"
Frymaster,Welbilt (Ali Group),,fryer,,present,"^(?P<yy>[0-9]{2})(?P<mm>0[1-9]|1[0-2])[0-9A-Z]{4,12}$",yy,mm,2510ABC123,October 2025,https://www.frymaster.com/faq,High,Decode: first four digits = YYMM (2510 = October 2025). Manufacturer FAQ. Constructed example; the two letters in the middle of the serial are the fryer family class. Era start unknown
Heatcraft,Heatcraft Refrigeration Products (Lennox; Beijer Ref),Bohn;Larkin;Climate Control;Chandler;InterLink,condensing unit;unit cooler;evaporator,,present,^[A-Z](?P<yy>[0-9]{2})(?P<ml>[A-M])[0-9]{5}$,yy,letters:ABCDEFGHIJKL,T16H14196,August 2016,https://mcd.heatcraftrpd.com/condensing-unit,High,"Decode: char 1 = plant (T = Tifton GA); chars 2-3 = year; char 4 = month letter (H = August); chars 5-9 = sequence. Manufacturer condensing unit support page; example quoted. The page labels char 4 'Week of Manufacture' but decodes it as the month (H = 8th month); full letter table not given, so whether I is skipped is unconfirmed (only matters for Sep-Dec). Era start unknown"
Rational,Rational AG,,combi oven,1993,1997,^[CMD](61|62|101|102|201|202|11|12|21|22)[A-Z](?P<yy>[0-9]{2})(?P<mm>0[1-9]|1[0-2])[0-9]{4}$,yy,mm,C61C95051234,May 1995,https://www.manualslib.com/manual/1592140/Rational-Scc-Series.html?page=6,High,"Decode: C Line (10.1993 to 05.1997): model letter, unit size, letter, 2-digit year, 2-digit month, 4-digit serial. Rational SCC training manual 'Structure of serial number', example C 61 C 95 05 1234. Classic Line (1986-1997) serials also exist but their layout could not be read reliably, so no row"
Rational,Rational AG,,combi oven,1997,2004,^[EG](61|62|101|102|201|202|11|12|21|22)[CMBD][A-Z]?(?P<yy>[0-9]{2})(?P<mm>0[1-9]|1[0-2])([0-9]{4}|[0-9]{7})$,yy,mm,E61CB03072345678,July 2003,https://www.manualslib.com/manual/1592140/Rational-Scc-Series.html?page=6,High,"Decode: CPC Line (06.1997 to 04.2004): energy E/G, unit size, model C/M/B/D, board version letter, 2-digit year, 2-digit month, serial (4 digits until 12.1998, 7 digits from 01.1999). Example from the manual: E 61 C B 03 07 2345678"
Rational,Rational AG,,combi oven,2004,present,^[EG](61|62|101|102|201|202|11|12|21|22)[SMFG][A-Z](?P<yy>[0-9]{2})(?P<mm>0[1-9]|1[0-2])[0-9]{7}$,yy,mm,E61SE04072345678,July 2004,https://www.manualslib.com/manual/1592140/Rational-Scc-Series.html?page=6,High,"Decode: SCC Line (from 04.2004): energy E/G, unit size, model S=SCC M=CM F=CM new G=SCC+CM, version letter, 2-digit year, 2-digit month, 7-digit serial. Example from the manual: E 61 S E 04 07 2345678. The 2008 manual may not cover later iCombi (2020+) serials; era_end present is unverified"
Garland,Welbilt (Ali Group),US Range,range;oven;broiler;griddle,,2006,^[0-9]{5}[A-Z][0-9]{3}(?P<mlet>[A-Z])(?P<yy>[0-9]{2})$,yy,none,45729A001D95,1995,https://www.manualslib.com/manual/521503/Garland-G-Series.html?page=19,High,"Decode: 5-digit sales order, product line letter, 3-digit unit count, month letter, 2-digit year (month letter table not given; D is probably April). Garland G Series technical reference manual (older serials, pre-2007). Example is the manufacturer's"
Garland,Welbilt (Ali Group),US Range,range;oven;broiler;griddle,,2006,^(?P<yy>[0-9]{2})(?P<mm>0[1-9]|1[0-2])[A-Z]{2}[0-9]{3}R?$,yy,mm,9904RG002R,April 1999,https://www.manualslib.com/manual/521503/Garland-G-Series.html?page=19,High,"Decode: 2-digit year, 2-digit month, 2-letter product code, 3-digit unit sequence, optional R = Mississauga plant (R discontinued 2002). Example is the manufacturer's"
Garland,Welbilt (Ali Group),US Range,range;oven;broiler;griddle,2007,present,"^(?P<yy>[0-9]{2})(?P<mm>0[1-9]|1[0-2])[0-9]{4,9}$",yy,mm,0703123456,March 2007,https://www.manualslib.com/manual/521503/Garland-G-Series.html?page=19,Low,"Decode: all-numeric: year, month, then sequence. Manual says from 2007 serials are 'all numbers consisting of Year, Month and sequence number' but its example (9801PR0000) does not fit that and the sequence length is not given. A Garland serial guide (not fetched) reportedly describes 13-digit MMYY + factory code 1001/1002 serials from 2004, which would conflict; check the order of month and year against the unit. Constructed example"
Danfoss Maneurop,Danfoss,Maneurop;Danfoss,reciprocating compressor,1990,present,^(?P<yl>[A-HJ-NP-V])(?P<ml>[A-HJ-M])[0-9]{2}[0-9]{8}$,"letter:A=1990,B=1991,C=1992,D=1993,E=1994,F=1995,G=1996,H=1997,J=1998,K=1999,L=2000,M=2001,N=2002,P=2003,Q=2004,R=2005,S=2006,T=2007,U=2008,V=2009;cycle=20",letters:ABCDEFGHJKLM,AA1006235612,January 1990 or January 2010,https://assets.danfoss.com/documents/latest/597784/AB196386425654en-021901.pdf,High,"Decode: year letter (A=1990/2010, B=1991/2011 ... H=1997/2017, J=1998/2018, K=1999/2019, L=2000/2020, M=2001/2021, N=2002/2022, P=2003/2023, Q=2004/2024, R=2005/2025, S=2006/2026, T=2007/2027, U=2008/2028, V=2009/2029), month letter (A=Jan ... H=Aug, J=Sep, K=Oct, L=Nov, M=Dec), 2-digit plant assembly line code (10 = Trevoux, France), 8-digit serial. Danfoss MT/MTZ application guide, 'Compressors serial number' and nameplate example AA1006235612. Year letter repeats every 20 years. Danfoss scroll compressors reportedly use the same layout with other plant codes (not verified here)"
Carlyle,Carrier,,semi-hermetic compressor,,present,"^(?P<ww>0[1-9]|[1-4][0-9]|5[0-2])(?P<yy>[0-9]{2})(?P<plant>[JUMP])[DE]?[0-9]{4,5}$",yy,ww,3695J00123,week 36 1995 (Sep 1995),https://pdfcoffee.com/carlyle-06d-06e-06cc-complete-service-manual-2-pdf-free.html,High,"Decode: 06D/06E/06CC: digits 1-2 = week (01-52 from January 1), digits 3-4 = year, letter = plant (J = Syracuse, U/M = Atlanta, P = Phoenix), optional D/E compressor type on service compressors, then sequence. Copy of the Carlyle 06D/06E/06CC service guide; also at https://www.slideshare.net/slideshow/service-guide-carlyle-compressor/94664997. The two copies disagree on which Atlanta letter came first (U or M after 4/2001). Service compressor example 3695UD0123"
HTPG (Russell),Heat Transfer Products Group (RefPlus/Russell),Russell;Witt;ColdZone;Kramer;HTPG,unit cooler;condensing unit;evaporator;walk-in refrigeration system,2008,present,^(?P<fac>[EW])(?P<yy>[0-9]{2})(?P<ml>[A-HJ-M])([0-9]{8}[0-9]{3}|[0-9]{6}[0-9]{2})[0-9]{3}$,yy,letters:ABCDEFGHJKLM,E13C00123456001001,March 2013,https://media.htpg.com/site/htpg/_WP/img/docs/support/HTPG_Serial_Number_2013-02-03.pdf,High,"Decode: 18 characters: facility (E = Scottsboro, W = Yuma), 2-digit year, month letter A=Jan ... H=Aug, J=Sep, K=Oct, L=Nov, M=Dec, 8-digit order number, 3-digit line item, 3-digit unit number. Manufacturer HTPG 18-digit serial chart (year table 08-20), linked from https://russell.htpg.com/faqs/. Before order 600000 the order number had 6 digits and the line item 2. Russell says serials under 18 digits need a call to customer service"
Grundfos,Grundfos,,circulator;centrifugal pump;CR pump;lift station,,present,^(?P<pc>[A-Z][0-9])?(?P<yy>[0-9]{2})(?P<ww>0[1-9]|[1-4][0-9]|5[0-3])$,yy,ww,P10320,week 20 2003 (May 2003),https://api.grundfos.com/literature/Grundfosliterature-145410.pdf,High,"Decode: nameplate production code: optional production company code (e.g. P1), then last two digits of year, then production week. Grundfos CR service manual 'Reading the pump nameplate' (A 12345678 P1 03 20). Grundfos safety notice https://www.grundfos.com/content/dam/global/page-assets/safety-warnings/Instructions-for-identifying-affected-grundfos-products.pdf confirms YYWW (1625 = week 25 2016). This is the production code field, not the product number"
Armstrong (circulators),Armstrong Fluid Technology,Armstrong Pumps,circulator,,present,^(?P<yy>[0-9]{2})(?P<mm>0[1-9]|1[0-2])$,yy,mm,0106,June 2001,https://www.nationalpumpsupply.com/content/pdf/armstrong-pump-circulator-pump-parts-list.pdf,High,Decode: four-digit combined serial and date code: 2-digit year then 2-digit month. Armstrong circulator parts catalog 6010.201 'Serial number code' (June 2001 = 0106). Series 1050 with special materials carry a plain numeric serial instead
Armstrong (VMS pumps),Armstrong Fluid Technology,Duijvelaar Pompen,vertical multistage pump,,present,"^(?P<ww>0[1-9]|[1-4][0-9]|5[0-3])/(?P<yyyy>(19|20)[0-9]{2})[/-][0-9]{3,6}$",yyyy,ww,19/2004/234567,week 19 2004 (May 2004),https://armstrongfluidtechnology.com/~/media/documents/installation_maintenance_parts/installation-and-operating-instructions/47-84eu_vms_pumps_iando.pdf?la=en-gb,High,Decode: serial / Prod field = production week / 4-digit year / product identification. Armstrong VMS installation manual 47.84EU (European range); example from the manual. Keep the slashes when entering the serial
Bell & Gossett,Xylem,B&G,circulator;pump,,present,^(?P<ml>[A-L])(?P<y2>[0-9])(?P<y1>[0-9])$,"concat:y1,y2",letters:ABCDEFGHIJKL,C32,March 2023,https://www.canadianpumpshop.com/blog/bell-and-gossett-pump-date-codes-decoded-a-guide-to-reading-and-understanding/,Low,"Decode: month letter (A=Jan, B=Feb, C=Mar ...) then the last two digits of the year written in reverse (32 = 2023, 41 = 2014). Source examples C32 = March 2023 and E41 = May 2014; it does not list all month letters or say whether I is skipped (only Sep-Dec affected). Parts Town notes the code is 2 or 3 characters depending on year and points to a per-product chart: https://www.partstown.com/cm/resource-center/guides/gd2/bell-gossett-serial-number-lookup. Era start unknown"
Honeywell (gas valves),Resideo (Honeywell Home),Honeywell;Resideo,gas valve;gas control,,present,^(?P<yy>[0-9]{2})(?P<ww>0[1-9]|[1-4][0-9]|5[0-3])$,yy,ww,9437,week 37 1994 (Sep 1994),https://www.building-center.org/additional-hints-and-tips/,Low,"Decode: four-digit code printed or ink-stamped on the valve body: first two digits = year, last two = week (YYWW). Source states this for most square aluminum-body gas control valves generally, with examples of week 37 1994 and week 19 1983. Resideo also moved its security/Home products to YYWW in June 2022 (older ones used a year letter + day of year, F = 2022): https://www.alarmgrid.com/blog/resideo-to-standardize-on-a-new-date-code-format-in-2022. Constructed example"
White-Rodgers,Copeland (formerly Emerson),Emerson White-Rodgers,thermostat;control,,present,^(?P<yy>[0-9]{2})(?P<ww>0[1-9]|[1-4][0-9]|5[0-3])$,yy,ww,1416,week 16 2014 (Apr 2014),https://www.cpsc.gov/Recalls/2018/white-rodgers-recalls-thermostats-due-to-fire-hazard,Low,"Decode: four-digit date code on the back label: first two digits = year, last two = week. CPSC 2018 recall: 'date code from 1416 to 1536' = 16th week of 2014 through 36th week of 2015. Only confirmed for these thermostats"
ABB (drives),ABB,,variable frequency drive,,present,^[0-9](?P<yy>[0-9]{2})(?P<ww>0[1-9]|[1-4][0-9]|5[0-3])[0-9]{5}$,yy,ww,1114201234,week 42 2011 (Oct 2011),https://newstartenergy.co.uk/how-to-decode-the-abb-serial-number-on-your-variable-speed-drive/,Medium,"Decode: 10 digits: digit 1 = plant (1 = Helsinki), digits 2-3 = year, digits 4-5 = week, last five = unit. Second source: https://www.quantum-controls.co.uk/insights/faqs/how-do-i-tell-the-age-of-abb-drives-from-their-serial-number/ (same example, format shown in an image). New Start Energy warns formats vary between ABB products"
Danfoss VLT,Danfoss,VLT,variable frequency drive,,present,^[0-9]{4}[0-9A-Z]{2}[0-9A-Z](?P<ww>0[1-9]|[1-4][0-9]|5[0-3])(?P<y>[0-9])$,y,ww,123411G380,week 38 2020 (Sep 2020),https://www.quantum-controls.co.uk/insights/faqs/how-can-i-tell-the-age-of-a-danfoss-vlt-drive-from-their-serial-number/,Low,"Decode: XXXXSSGWWY: 4-digit production sequence, 2-character software version, 1-character site, 2-digit week, last digit of year. Constructed example. Single year digit repeats every decade; era start unknown so the decoder offers every decade"
WEG (drives),WEG,,variable frequency drive,2004,present,^(?P<ww>0[1-9]|[1-4][0-9]|5[0-3])(?P<yl>[A-Z])$,"letter:A=2004,B=2005,C=2006,D=2007,E=2008,F=2009,G=2010,H=2011,I=2012,J=2013,K=2014,L=2015,M=2016,N=2017,O=2018,P=2019,Q=2020,R=2021,S=2022,T=2023,U=2024,V=2025,W=2026",ww,03H,week 3 2011 (Jan 2011),https://www.quantum-controls.co.uk/insights/faqs/how-to-tell-the-age-of-a-weg-drive-from-its-nameplate/,Low,"Decode: nameplate manufacturing date: two-digit week then year letter (A=2004, B=2005, C=2006 ... H=2011, continuing alphabetically). Example quoted. Source says the letters continue in sequence; whether any letters are skipped after H is not stated"
Yaskawa,Yaskawa Electric,,variable frequency drive,,,"^U-?(?P<yy>[0-9]{2})(?P<mm>0[1-9]|1[0-2])[0-9]{3,5}-?[0-9]{1,3}$",yy,mm,U-9603250-3,March 1996,https://www.yaskawa.com/delegate/getAttachment?documentId=PP.P5G5.01.Troubleshoot&cmd=documents&documentName=PP.P5G5.01.Troubleshoot.pdf,High,"Decode: lot number on US-assembled inverters: U, 2-digit year, 2-digit month, computer-generated number, unit number in work order. Yaskawa P5/G5 troubleshooting manual (2003), 'Inverter Markings'. Japan-built (YEC) lot numbers also carry month and year but their layout was not legible in the source, so no row. Era dates unknown"
Hobart,ITW Food Equipment Group,,dishwasher;mixer;slicer,,,,none,none,,,https://www.techtownforum.com/forums/discussion/deciphering-hobart-serial-number/,Low,"Decode: no public decode. Hobart TSB (not public) dates machines from a two or three letter code in the CODE or MD block of the data plate, not the serial number; the letter table is not published. Hobart service can date units from model, serial and ML numbers"
Groen,Unified Brands (Middleby),,steam kettle;braising pan,,,,none,none,,,https://www.partstown.com/cm/resource-center/guides/gd2/how-to-read-a-groen-serial-number,Low,Decode: no date in serial. Groen serial = letter + 7-digit work order + -1; no date is encoded
Embraco,Nidec (Embraco),,hermetic compressor,,,,none,none,,,https://www.embraco.com/blog/en-us/label-information,Low,Decode: no date in serial. Embraco labels carry a separate production date field next to the serial number; no public decode of a date within the serial was found
Taco,Taco Comfort Solutions,,circulator;pump,,,,none,none,,,https://www.tacocomfort.com/knowledge-base/residential-circulators/,Low,"Decode: format not published. Taco documents where the date code sits on 00-series circulators (electrical box left of the conduit hole, or bottom of the round nameplate) but not how to read it"
